实验名称,检测方法,页面分区,字段类别,字段键,界面名称,控件类型,数据来源,默认值,是否必填,显示逻辑
表面粗糙度试验,YY/T 1702,环境与设备,参数,test_date,检测日期,date,实验员填写或确认,,是,简洁填空/选项
表面粗糙度试验,YY/T 1702,环境与设备,参数,temperature_before,检测前温度/℃,number,实验员填写本次实际值,23.0,是,简洁填空/选项；过程明细可折叠
表面粗糙度试验,YY/T 1702,环境与设备,参数,temperature_after,检测后温度/℃,number,实验员填写本次实际值,23.0,是,简洁填空/选项；过程明细可折叠
表面粗糙度试验,YY/T 1702,环境与设备,参数,humidity_before,检测前湿度/%RH,number,实验员填写本次实际值,50.0,是,简洁填空/选项；过程明细可折叠
表面粗糙度试验,YY/T 1702,环境与设备,参数,humidity_after,检测后湿度/%RH,number,实验员填写本次实际值,50.0,是,简洁填空/选项；过程明细可折叠
表面粗糙度试验,YY/T 1702,环境与设备,参数,detection_location,检测地点,text,前序流程、配置快照或附件索引自动带入,,系统自动,只读摘要或后台隐藏
表面粗糙度试验,YY/T 1702,环境与设备,参数,start_time,实验开始时间,datetime,实验员填写本次实际值,,是,简洁填空/选项；过程明细可折叠
表面粗糙度试验,YY/T 1702,环境与设备,参数,end_time,实验结束时间,datetime,实验员填写本次实际值,,是,简洁填空/选项；过程明细可折叠
表面粗糙度试验,YY/T 1702,环境与设备,参数,environment_interference,振动/气流影响,select,现行实验配置默认值；发生偏离时修改,无明显干扰,是,默认只读；选择偏离后展开
表面粗糙度试验,YY/T 1702,环境与设备,参数,work_area_status,试验区域状态,multiselect,现行实验配置默认值；发生偏离时修改,"[""清洁"", ""干燥"", ""无明显粉尘"", ""无无关物品""]",是,默认只读；选择偏离后展开
表面粗糙度试验,YY/T 1702,环境与设备,参数,software,软件名称/版本,text,前序流程、配置快照或附件索引自动带入,,系统自动,只读摘要或后台隐藏
表面粗糙度试验,YY/T 1702,环境与设备,参数,data_path,仪器原始数据保存路径,text,前序流程、配置快照或附件索引自动带入,,系统自动,只读摘要或后台隐藏
表面粗糙度试验,YY/T 1702,环境与设备,参数,equipment_name,主要设备名称,text,前序流程、配置快照或附件索引自动带入,,系统自动,只读摘要或后台隐藏
表面粗糙度试验,YY/T 1702,环境与设备,参数,equipment_model,设备型号/规格,text,前序流程、配置快照或附件索引自动带入,,系统自动,只读摘要或后台隐藏
表面粗糙度试验,YY/T 1702,环境与设备,参数,equipment_no,设备管理编号,text,前序流程、配置快照或附件索引自动带入,,系统自动,只读摘要或后台隐藏
表面粗糙度试验,YY/T 1702,环境与设备,参数,calibration_certificate,校准/检定证书编号,text,前序流程、配置快照或附件索引自动带入,,系统自动,只读摘要或后台隐藏
表面粗糙度试验,YY/T 1702,环境与设备,参数,calibration_due,台账校准时间,text,前序流程、配置快照或附件索引自动带入,,系统自动,只读摘要或后台隐藏
表面粗糙度试验,YY/T 1702,环境与设备,参数,equipment_status,使用前设备状态,select,前序流程、配置快照或附件索引自动带入,,系统自动,只读摘要或后台隐藏
表面粗糙度试验,YY/T 1702,试验参数与使用前确认,参数,standard_block,标准粗糙度样板编号,text,实验员填写或确认,,是,简洁填空/选项
表面粗糙度试验,YY/T 1702,试验参数与使用前确认,参数,standard_block_nominal,标准样板标称值/μm,number,实验员填写本次实际值,,是,简洁填空/选项；过程明细可折叠
表面粗糙度试验,YY/T 1702,试验参数与使用前确认,参数,standard_block_measured,标准样板实测值/μm,number,实验员填写本次实际值,,是,简洁填空/选项；过程明细可折叠
表面粗糙度试验,YY/T 1702,试验参数与使用前确认,参数,repeat_check_1,重复性核查1/μm,number,实验员填写本次实际值,,是,简洁填空/选项；过程明细可折叠
表面粗糙度试验,YY/T 1702,试验参数与使用前确认,参数,repeat_check_2,重复性核查2/μm,number,实验员填写本次实际值,,是,简洁填空/选项；过程明细可折叠
表面粗糙度试验,YY/T 1702,试验参数与使用前确认,参数,repeat_check_3,重复性核查3/μm,number,实验员填写本次实际值,,是,简洁填空/选项；过程明细可折叠
表面粗糙度试验,YY/T 1702,试验参数与使用前确认,参数,standard_block_result,标准样板核查结果,select,实验员填写或确认,,是,简洁填空/选项
表面粗糙度试验,YY/T 1702,试验参数与使用前确认,参数,calculation_standard,计算标准,text,现行实验配置默认值；发生偏离时修改,ISO-97,是,默认只读；选择偏离后展开
表面粗糙度试验,YY/T 1702,试验参数与使用前确认,参数,shape_removal,形状去除,text,现行实验配置默认值；发生偏离时修改,自动,是,默认只读；选择偏离后展开
表面粗糙度试验,YY/T 1702,试验参数与使用前确认,参数,filter_type,滤波器,text,现行实验配置默认值；发生偏离时修改,Gaussian,是,默认只读；选择偏离后展开
表面粗糙度试验,YY/T 1702,试验参数与使用前确认,参数,lambda_s,λs,text,现行实验配置默认值；发生偏离时修改,自动,是,默认只读；选择偏离后展开
表面粗糙度试验,YY/T 1702,试验参数与使用前确认,参数,measurement_range,测量范围/μm,number,现行实验配置默认值；发生偏离时修改,40.0,是,默认只读；选择偏离后展开
表面粗糙度试验,YY/T 1702,试验参数与使用前确认,参数,sampling_length,取样长度/mm,number,现行实验配置默认值；发生偏离时修改,0.8,是,默认只读；选择偏离后展开
表面粗糙度试验,YY/T 1702,试验参数与使用前确认,参数,sampling_count,取样个数,number,现行实验配置默认值；发生偏离时修改,5.0,是,默认只读；选择偏离后展开
表面粗糙度试验,YY/T 1702,试验参数与使用前确认,参数,evaluation_length,评定长度/mm,number,现行实验配置默认值；发生偏离时修改,4.0,是,默认只读；选择偏离后展开
表面粗糙度试验,YY/T 1702,试验参数与使用前确认,参数,measuring_speed,测量速度/mm/s,number,现行实验配置默认值；发生偏离时修改,0.5,是,默认只读；选择偏离后展开
表面粗糙度试验,YY/T 1702,试验参数与使用前确认,参数,cutoff_filter,滤波/计算标准,text,实验员填写或确认,,否,简洁填空/选项
表面粗糙度试验,YY/T 1702,试验参数与使用前确认,参数,probe_condition,探针状态,select,实验员填写或确认,,是,简洁填空/选项
表面粗糙度试验,YY/T 1702,试验参数与使用前确认,参数,platform_level,工作台水平状态,select,实验员填写或确认,,是,简洁填空/选项
表面粗糙度试验,YY/T 1702,试验参数与使用前确认,参数,surface_state,试样表面状态,select,实验员填写或确认,,是,简洁填空/选项
表面粗糙度试验,YY/T 1702,试验参数与使用前确认,参数,measurement_direction,测量方向/线位,text,现行实验配置默认值；发生偏离时修改,3条平行、不重叠、代表性测量线,否,默认只读；选择偏离后展开
表面粗糙度试验,YY/T 1702,试验参数与使用前确认,参数,three_length_mode,评定长度方式,select,现行实验配置默认值；发生偏离时修改,5L（默认）,是,默认只读；选择偏离后展开
表面粗糙度试验,YY/T 1702,原始测量数据,样品数据,sample_no,试样编号,text,实验员按样品填写或选择,,是,样品卡片
表面粗糙度试验,YY/T 1702,原始测量数据,样品数据,surface_confirm,原打印面/方向确认,select:符合|不符合,实验员按样品填写或选择,,是,样品卡片
表面粗糙度试验,YY/T 1702,原始测量数据,样品数据,position,测量位置,text,实验员按样品填写或选择,,否,样品卡片
表面粗糙度试验,YY/T 1702,原始测量数据,样品数据,ra1,Ra1/μm,number,实验员按样品填写或选择,,是,样品卡片
表面粗糙度试验,YY/T 1702,原始测量数据,样品数据,ra2,Ra2/μm,number,实验员按样品填写或选择,,是,样品卡片
表面粗糙度试验,YY/T 1702,原始测量数据,样品数据,ra3,Ra3/μm,number,实验员按样品填写或选择,,是,样品卡片
表面粗糙度试验,YY/T 1702,原始测量数据,样品数据,mean,平均值/μm,calc,系统自动计算/附件索引自动关联,,系统自动,只读结果/后台关联
表面粗糙度试验,YY/T 1702,原始测量数据,样品数据,limit,判定限值/μm,number,实验员按样品填写或选择,,是,样品卡片
表面粗糙度试验,YY/T 1702,原始测量数据,样品数据,conclusion,单样结论,calc,系统自动计算/附件索引自动关联,,系统自动,只读结果/后台关联
表面粗糙度试验,YY/T 1702,原始测量数据,样品数据,retest_mean,复测后平均/μm,number,实验员按样品填写或选择,,否,样品卡片
表面粗糙度试验,YY/T 1702,原始测量数据,样品数据,file_no,曲线/数据文件编号,text,系统自动计算/附件索引自动关联,,系统自动,只读结果/后台关联
表面粗糙度试验,YY/T 1702,原始测量数据,样品数据,note,备注,text,实验员按样品填写或选择,,否,样品卡片
金属-陶瓷结合裂纹萌生试验,YY 0621.1,环境与设备,参数,test_date,检测日期,date,实验员填写或确认,,是,简洁填空/选项
金属-陶瓷结合裂纹萌生试验,YY 0621.1,环境与设备,参数,temperature_before,检测前温度/℃,number,实验员填写本次实际值,23.0,是,简洁填空/选项；过程明细可折叠
金属-陶瓷结合裂纹萌生试验,YY 0621.1,环境与设备,参数,temperature_after,检测后温度/℃,number,实验员填写本次实际值,23.0,是,简洁填空/选项；过程明细可折叠
金属-陶瓷结合裂纹萌生试验,YY 0621.1,环境与设备,参数,humidity_before,检测前湿度/%RH,number,实验员填写本次实际值,50.0,是,简洁填空/选项；过程明细可折叠
金属-陶瓷结合裂纹萌生试验,YY 0621.1,环境与设备,参数,humidity_after,检测后湿度/%RH,number,实验员填写本次实际值,50.0,是,简洁填空/选项；过程明细可折叠
金属-陶瓷结合裂纹萌生试验,YY 0621.1,环境与设备,参数,detection_location,检测地点,text,前序流程、配置快照或附件索引自动带入,,系统自动,只读摘要或后台隐藏
金属-陶瓷结合裂纹萌生试验,YY 0621.1,环境与设备,参数,start_time,实验开始时间,datetime,实验员填写本次实际值,,是,简洁填空/选项；过程明细可折叠
金属-陶瓷结合裂纹萌生试验,YY 0621.1,环境与设备,参数,end_time,实验结束时间,datetime,实验员填写本次实际值,,是,简洁填空/选项；过程明细可折叠
金属-陶瓷结合裂纹萌生试验,YY 0621.1,环境与设备,参数,environment_interference,振动/气流影响,select,现行实验配置默认值；发生偏离时修改,无明显干扰,是,默认只读；选择偏离后展开
金属-陶瓷结合裂纹萌生试验,YY 0621.1,环境与设备,参数,work_area_status,试验区域状态,multiselect,现行实验配置默认值；发生偏离时修改,"[""清洁"", ""干燥"", ""无明显粉尘"", ""无无关物品""]",是,默认只读；选择偏离后展开
金属-陶瓷结合裂纹萌生试验,YY 0621.1,环境与设备,参数,software,软件名称/版本,text,前序流程、配置快照或附件索引自动带入,,系统自动,只读摘要或后台隐藏
金属-陶瓷结合裂纹萌生试验,YY 0621.1,环境与设备,参数,data_path,仪器原始数据保存路径,text,前序流程、配置快照或附件索引自动带入,,系统自动,只读摘要或后台隐藏
金属-陶瓷结合裂纹萌生试验,YY 0621.1,环境与设备,参数,equipment_name,主要设备名称,text,前序流程、配置快照或附件索引自动带入,,系统自动,只读摘要或后台隐藏
金属-陶瓷结合裂纹萌生试验,YY 0621.1,环境与设备,参数,equipment_model,设备型号/规格,text,前序流程、配置快照或附件索引自动带入,,系统自动,只读摘要或后台隐藏
金属-陶瓷结合裂纹萌生试验,YY 0621.1,环境与设备,参数,equipment_no,设备管理编号,text,前序流程、配置快照或附件索引自动带入,,系统自动,只读摘要或后台隐藏
金属-陶瓷结合裂纹萌生试验,YY 0621.1,环境与设备,参数,calibration_certificate,校准/检定证书编号,text,前序流程、配置快照或附件索引自动带入,,系统自动,只读摘要或后台隐藏
金属-陶瓷结合裂纹萌生试验,YY 0621.1,环境与设备,参数,calibration_due,台账校准时间,text,前序流程、配置快照或附件索引自动带入,,系统自动,只读摘要或后台隐藏
金属-陶瓷结合裂纹萌生试验,YY 0621.1,环境与设备,参数,equipment_status,使用前设备状态,select,前序流程、配置快照或附件索引自动带入,,系统自动,只读摘要或后台隐藏
金属-陶瓷结合裂纹萌生试验,YY 0621.1,裂纹萌生试验参数,参数,fixture_no,三点弯曲夹具编号,text,实验员填写或确认,,是,简洁填空/选项
金属-陶瓷结合裂纹萌生试验,YY 0621.1,裂纹萌生试验参数,参数,support_span,支承跨距/mm,number,现行实验配置默认值；发生偏离时修改,20.0,是,默认只读；选择偏离后展开
金属-陶瓷结合裂纹萌生试验,YY 0621.1,裂纹萌生试验参数,参数,roller_radius,压头/支点半径R/mm,number,现行实验配置默认值；发生偏离时修改,1.0,是,默认只读；选择偏离后展开
金属-陶瓷结合裂纹萌生试验,YY 0621.1,裂纹萌生试验参数,参数,parallel_block_no,平行块编号,text,实验员填写或确认,,否,简洁填空/选项
金属-陶瓷结合裂纹萌生试验,YY 0621.1,裂纹萌生试验参数,参数,parallel_block_parallelism,平行块平行度/mm,number,实验员填写本次实际值,,是,简洁填空/选项；过程明细可折叠
金属-陶瓷结合裂纹萌生试验,YY 0621.1,裂纹萌生试验参数,参数,parallel_block_height_diff,两块高度差/mm,number,实验员填写本次实际值,,是,简洁填空/选项；过程明细可折叠
金属-陶瓷结合裂纹萌生试验,YY 0621.1,裂纹萌生试验参数,参数,max_gap,左右接触最大间隙/mm,number,实验员填写本次实际值,,是,简洁填空/选项；过程明细可折叠
金属-陶瓷结合裂纹萌生试验,YY 0621.1,裂纹萌生试验参数,参数,loading_speed,加载速度/mm/min,number,现行实验配置默认值；发生偏离时修改,1.5,是,默认只读；选择偏离后展开
金属-陶瓷结合裂纹萌生试验,YY 0621.1,裂纹萌生试验参数,参数,observation_method,裂纹萌生观察方式,select,实验员填写或确认,,是,简洁填空/选项
金属-陶瓷结合裂纹萌生试验,YY 0621.1,裂纹萌生试验参数,参数,parallel_check,夹具平行与居中确认,select,实验员填写或确认,,是,简洁填空/选项
金属-陶瓷结合裂纹萌生试验,YY 0621.1,裂纹萌生试验参数,参数,zero_force_before,清零前力值/N,number,实验员填写本次实际值,,是,简洁填空/选项；过程明细可折叠
金属-陶瓷结合裂纹萌生试验,YY 0621.1,裂纹萌生试验参数,参数,zero_force,清零后力值/N,number,实验员填写本次实际值,,否,简洁填空/选项；过程明细可折叠
金属-陶瓷结合裂纹萌生试验,YY 0621.1,裂纹萌生试验参数,参数,metal_name,金属材料名称,text,实验员填写或确认,,是,简洁填空/选项
金属-陶瓷结合裂纹萌生试验,YY 0621.1,裂纹萌生试验参数,参数,metal_batch,金属材料批号,text,实验员填写或确认,,否,简洁填空/选项
金属-陶瓷结合裂纹萌生试验,YY 0621.1,裂纹萌生试验参数,参数,em_source,杨氏模量来源,select,现行实验配置默认值；发生偏离时修改,说明书,是,默认只读；选择偏离后展开
金属-陶瓷结合裂纹萌生试验,YY 0621.1,裂纹萌生试验参数,参数,em_source_file,杨氏模量来源文件编号,text,实验员填写或确认,,否,简洁填空/选项
金属-陶瓷结合裂纹萌生试验,YY 0621.1,裂纹萌生试验参数,参数,k_source,K系数来源,select,现行实验配置默认值；发生偏离时修改,YY 0621.1-2016标准图2人工查图,是,默认只读；选择偏离后展开
金属-陶瓷结合裂纹萌生试验,YY 0621.1,裂纹萌生试验参数,参数,orientation,试样放置方向,select,实验员填写或确认,,是,简洁填空/选项
金属-陶瓷结合裂纹萌生试验,YY 0621.1,原始测量数据,样品数据,sample_no,试样编号,text,实验员按样品填写或选择,,是,样品卡片
金属-陶瓷结合裂纹萌生试验,YY 0621.1,原始测量数据,样品数据,width,宽度/mm,number,实验员按样品填写或选择,,是,样品卡片
金属-陶瓷结合裂纹萌生试验,YY 0621.1,原始测量数据,样品数据,dm1,金属厚度1/mm,number,实验员按样品填写或选择,,是,样品卡片
金属-陶瓷结合裂纹萌生试验,YY 0621.1,原始测量数据,样品数据,dm2,金属厚度2/mm,number,实验员按样品填写或选择,,是,样品卡片
金属-陶瓷结合裂纹萌生试验,YY 0621.1,原始测量数据,样品数据,dm3,金属厚度3/mm,number,实验员按样品填写或选择,,是,样品卡片
金属-陶瓷结合裂纹萌生试验,YY 0621.1,原始测量数据,样品数据,dm_mean,金属厚度平均/mm,calc,系统自动计算/附件索引自动关联,,系统自动,只读结果/后台关联
金属-陶瓷结合裂纹萌生试验,YY 0621.1,原始测量数据,样品数据,em,金属弹性模量/GPa,number,实验员按样品填写或选择,,是,样品卡片
金属-陶瓷结合裂纹萌生试验,YY 0621.1,原始测量数据,样品数据,k,K/mm⁻²,number,实验员按样品填写或选择,,是,样品卡片
金属-陶瓷结合裂纹萌生试验,YY 0621.1,原始测量数据,样品数据,ffail,裂纹萌生力/N,number,实验员按样品填写或选择,,是,样品卡片
金属-陶瓷结合裂纹萌生试验,YY 0621.1,原始测量数据,样品数据,tau,结合强度/MPa,calc,系统自动计算/附件索引自动关联,,系统自动,只读结果/后台关联
金属-陶瓷结合裂纹萌生试验,YY 0621.1,原始测量数据,样品数据,crack_position,开裂位置,text,实验员按样品填写或选择,,否,样品卡片
金属-陶瓷结合裂纹萌生试验,YY 0621.1,原始测量数据,样品数据,failure_mode,断裂/剥离形态,text,实验员按样品填写或选择,,否,样品卡片
金属-陶瓷结合裂纹萌生试验,YY 0621.1,原始测量数据,样品数据,curve_no,曲线/数据文件编号,text,系统自动计算/附件索引自动关联,,系统自动,只读结果/后台关联
金属-陶瓷结合裂纹萌生试验,YY 0621.1,原始测量数据,样品数据,conclusion,单样结论,calc,系统自动计算/附件索引自动关联,,系统自动,只读结果/后台关联
金属-陶瓷结合裂纹萌生试验,YY 0621.1,原始测量数据,样品数据,note,备注,text,实验员按样品填写或选择,,否,样品卡片
金属内部质量X射线灰度分析,GB 17168,环境与设备,参数,test_date,检测日期,date,实验员填写或确认,,是,简洁填空/选项
金属内部质量X射线灰度分析,GB 17168,环境与设备,参数,temperature_before,检测前温度/℃,number,实验员填写本次实际值,23.0,是,简洁填空/选项；过程明细可折叠
金属内部质量X射线灰度分析,GB 17168,环境与设备,参数,temperature_after,检测后温度/℃,number,实验员填写本次实际值,23.0,是,简洁填空/选项；过程明细可折叠
金属内部质量X射线灰度分析,GB 17168,环境与设备,参数,humidity_before,检测前湿度/%RH,number,实验员填写本次实际值,50.0,是,简洁填空/选项；过程明细可折叠
金属内部质量X射线灰度分析,GB 17168,环境与设备,参数,humidity_after,检测后湿度/%RH,number,实验员填写本次实际值,50.0,是,简洁填空/选项；过程明细可折叠
金属内部质量X射线灰度分析,GB 17168,环境与设备,参数,detection_location,检测地点,text,前序流程、配置快照或附件索引自动带入,,系统自动,只读摘要或后台隐藏
金属内部质量X射线灰度分析,GB 17168,环境与设备,参数,start_time,实验开始时间,datetime,实验员填写本次实际值,,是,简洁填空/选项；过程明细可折叠
金属内部质量X射线灰度分析,GB 17168,环境与设备,参数,end_time,实验结束时间,datetime,实验员填写本次实际值,,是,简洁填空/选项；过程明细可折叠
金属内部质量X射线灰度分析,GB 17168,环境与设备,参数,environment_interference,振动/气流影响,select,现行实验配置默认值；发生偏离时修改,无明显干扰,是,默认只读；选择偏离后展开
金属内部质量X射线灰度分析,GB 17168,环境与设备,参数,work_area_status,试验区域状态,multiselect,现行实验配置默认值；发生偏离时修改,"[""清洁"", ""干燥"", ""无明显粉尘"", ""无无关物品""]",是,默认只读；选择偏离后展开
金属内部质量X射线灰度分析,GB 17168,环境与设备,参数,software,软件名称/版本,text,前序流程、配置快照或附件索引自动带入,,系统自动,只读摘要或后台隐藏
金属内部质量X射线灰度分析,GB 17168,环境与设备,参数,data_path,仪器原始数据保存路径,text,前序流程、配置快照或附件索引自动带入,,系统自动,只读摘要或后台隐藏
金属内部质量X射线灰度分析,GB 17168,环境与设备,参数,equipment_name,主要设备名称,text,前序流程、配置快照或附件索引自动带入,,系统自动,只读摘要或后台隐藏
金属内部质量X射线灰度分析,GB 17168,环境与设备,参数,equipment_model,设备型号/规格,text,前序流程、配置快照或附件索引自动带入,,系统自动,只读摘要或后台隐藏
金属内部质量X射线灰度分析,GB 17168,环境与设备,参数,equipment_no,设备管理编号,text,前序流程、配置快照或附件索引自动带入,,系统自动,只读摘要或后台隐藏
金属内部质量X射线灰度分析,GB 17168,环境与设备,参数,calibration_certificate,校准/检定证书编号,text,前序流程、配置快照或附件索引自动带入,,系统自动,只读摘要或后台隐藏
金属内部质量X射线灰度分析,GB 17168,环境与设备,参数,calibration_due,台账校准时间,text,前序流程、配置快照或附件索引自动带入,,系统自动,只读摘要或后台隐藏
金属内部质量X射线灰度分析,GB 17168,环境与设备,参数,equipment_status,使用前设备状态,select,前序流程、配置快照或附件索引自动带入,,系统自动,只读摘要或后台隐藏
金属内部质量X射线灰度分析,GB 17168,辐射安全与曝光参数,参数,radiation_safety,辐射安全确认,select,实验员填写或确认,,是,简洁填空/选项
金属内部质量X射线灰度分析,GB 17168,辐射安全与曝光参数,参数,xray_model,X射线机型号/编号,text,实验员填写或确认,,是,简洁填空/选项
金属内部质量X射线灰度分析,GB 17168,辐射安全与曝光参数,参数,panel_no,数据采集板编号,text,实验员填写或确认,,是,简洁填空/选项
金属内部质量X射线灰度分析,GB 17168,辐射安全与曝光参数,参数,iqi_no,孔形像质计编号,text,实验员填写或确认,,是,简洁填空/选项
金属内部质量X射线灰度分析,GB 17168,辐射安全与曝光参数,参数,density_meter_no,密度计/标准密度片编号,text,实验员填写或确认,,是,简洁填空/选项
金属内部质量X射线灰度分析,GB 17168,辐射安全与曝光参数,参数,density_nominal,标准密度片标称值,number,实验员填写本次实际值,,是,简洁填空/选项；过程明细可折叠
金属内部质量X射线灰度分析,GB 17168,辐射安全与曝光参数,参数,density_measured_1,标准密度片实测值1,number,实验员填写本次实际值,,是,简洁填空/选项；过程明细可折叠
金属内部质量X射线灰度分析,GB 17168,辐射安全与曝光参数,参数,density_measured_2,标准密度片实测值2,number,实验员填写本次实际值,,是,简洁填空/选项；过程明细可折叠
金属内部质量X射线灰度分析,GB 17168,辐射安全与曝光参数,参数,density_measured_3,标准密度片实测值3,number,实验员填写本次实际值,,是,简洁填空/选项；过程明细可折叠
金属内部质量X射线灰度分析,GB 17168,辐射安全与曝光参数,参数,tube_voltage,管电压/kV,number,现行实验配置默认值；发生偏离时修改,75.0,是,默认只读；选择偏离后展开
金属内部质量X射线灰度分析,GB 17168,辐射安全与曝光参数,参数,tube_current,管电流/mA,number,现行实验配置默认值；发生偏离时修改,56.0,是,默认只读；选择偏离后展开
金属内部质量X射线灰度分析,GB 17168,辐射安全与曝光参数,参数,exposure_time,曝光时间/ms,number,现行实验配置默认值；发生偏离时修改,110.0,是,默认只读；选择偏离后展开
金属内部质量X射线灰度分析,GB 17168,辐射安全与曝光参数,参数,mas,管电流时间积/mAs,number,现行实验配置默认值；发生偏离时修改,6.3,是,默认只读；选择偏离后展开
金属内部质量X射线灰度分析,GB 17168,辐射安全与曝光参数,参数,focus_mode,焦点模式,text,现行实验配置默认值；发生偏离时修改,L,是,默认只读；选择偏离后展开
金属内部质量X射线灰度分析,GB 17168,辐射安全与曝光参数,参数,orientation,样品摆放方向,text,现行实验配置默认值；发生偏离时修改,咬合面朝下,是,默认只读；选择偏离后展开
金属内部质量X射线灰度分析,GB 17168,辐射安全与曝光参数,参数,exposure_count,曝光次数,number,现行实验配置默认值；发生偏离时修改,1.0,是,默认只读；选择偏离后展开
金属内部质量X射线灰度分析,GB 17168,辐射安全与曝光参数,参数,parameter_adjustment,参数调整情况,select,现行实验配置默认值；发生偏离时修改,无调整,是,默认只读；选择偏离后展开
金属内部质量X射线灰度分析,GB 17168,辐射安全与曝光参数,参数,iqi_gray_01_1,像质计0.1 mm灰度·第1次,number,实验员填写本次实际值,,是,简洁填空/选项；过程明细可折叠
金属内部质量X射线灰度分析,GB 17168,辐射安全与曝光参数,参数,iqi_gray_01_2,像质计0.1 mm灰度·第2次,number,实验员填写本次实际值,,是,简洁填空/选项；过程明细可折叠
金属内部质量X射线灰度分析,GB 17168,辐射安全与曝光参数,参数,iqi_gray_01_3,像质计0.1 mm灰度·第3次,number,实验员填写本次实际值,,是,简洁填空/选项；过程明细可折叠
金属内部质量X射线灰度分析,GB 17168,辐射安全与曝光参数,参数,iqi_gray_02_1,像质计0.2 mm灰度·第1次,number,实验员填写本次实际值,,是,简洁填空/选项；过程明细可折叠
金属内部质量X射线灰度分析,GB 17168,辐射安全与曝光参数,参数,iqi_gray_02_2,像质计0.2 mm灰度·第2次,number,实验员填写本次实际值,,是,简洁填空/选项；过程明细可折叠
金属内部质量X射线灰度分析,GB 17168,辐射安全与曝光参数,参数,iqi_gray_02_3,像质计0.2 mm灰度·第3次,number,实验员填写本次实际值,,是,简洁填空/选项；过程明细可折叠
金属内部质量X射线灰度分析,GB 17168,辐射安全与曝光参数,参数,iqi_gray_03_1,像质计0.3 mm灰度·第1次,number,实验员填写本次实际值,,是,简洁填空/选项；过程明细可折叠
金属内部质量X射线灰度分析,GB 17168,辐射安全与曝光参数,参数,iqi_gray_03_2,像质计0.3 mm灰度·第2次,number,实验员填写本次实际值,,是,简洁填空/选项；过程明细可折叠
金属内部质量X射线灰度分析,GB 17168,辐射安全与曝光参数,参数,iqi_gray_03_3,像质计0.3 mm灰度·第3次,number,实验员填写本次实际值,,是,简洁填空/选项；过程明细可折叠
金属内部质量X射线灰度分析,GB 17168,辐射安全与曝光参数,参数,iqi_gray_04_1,像质计0.4 mm灰度·第1次,number,实验员填写本次实际值,,是,简洁填空/选项；过程明细可折叠
金属内部质量X射线灰度分析,GB 17168,辐射安全与曝光参数,参数,iqi_gray_04_2,像质计0.4 mm灰度·第2次,number,实验员填写本次实际值,,是,简洁填空/选项；过程明细可折叠
金属内部质量X射线灰度分析,GB 17168,辐射安全与曝光参数,参数,iqi_gray_04_3,像质计0.4 mm灰度·第3次,number,实验员填写本次实际值,,是,简洁填空/选项；过程明细可折叠
金属内部质量X射线灰度分析,GB 17168,辐射安全与曝光参数,参数,iqi_gray_05_1,像质计0.5 mm灰度·第1次,number,实验员填写本次实际值,,是,简洁填空/选项；过程明细可折叠
金属内部质量X射线灰度分析,GB 17168,辐射安全与曝光参数,参数,iqi_gray_05_2,像质计0.5 mm灰度·第2次,number,实验员填写本次实际值,,是,简洁填空/选项；过程明细可折叠
金属内部质量X射线灰度分析,GB 17168,辐射安全与曝光参数,参数,iqi_gray_05_3,像质计0.5 mm灰度·第3次,number,实验员填写本次实际值,,是,简洁填空/选项；过程明细可折叠
金属内部质量X射线灰度分析,GB 17168,辐射安全与曝光参数,参数,iqi_gray_06_1,像质计0.6 mm灰度·第1次,number,实验员填写本次实际值,,是,简洁填空/选项；过程明细可折叠
金属内部质量X射线灰度分析,GB 17168,辐射安全与曝光参数,参数,iqi_gray_06_2,像质计0.6 mm灰度·第2次,number,实验员填写本次实际值,,是,简洁填空/选项；过程明细可折叠
金属内部质量X射线灰度分析,GB 17168,辐射安全与曝光参数,参数,iqi_gray_06_3,像质计0.6 mm灰度·第3次,number,实验员填写本次实际值,,是,简洁填空/选项；过程明细可折叠
金属内部质量X射线灰度分析,GB 17168,辐射安全与曝光参数,参数,iqi_gray_07_1,像质计0.7 mm灰度·第1次,number,实验员填写本次实际值,,是,简洁填空/选项；过程明细可折叠
金属内部质量X射线灰度分析,GB 17168,辐射安全与曝光参数,参数,iqi_gray_07_2,像质计0.7 mm灰度·第2次,number,实验员填写本次实际值,,是,简洁填空/选项；过程明细可折叠
金属内部质量X射线灰度分析,GB 17168,辐射安全与曝光参数,参数,iqi_gray_07_3,像质计0.7 mm灰度·第3次,number,实验员填写本次实际值,,是,简洁填空/选项；过程明细可折叠
金属内部质量X射线灰度分析,GB 17168,辐射安全与曝光参数,参数,iqi_gray_08_1,像质计0.8 mm灰度·第1次,number,实验员填写本次实际值,,是,简洁填空/选项；过程明细可折叠
金属内部质量X射线灰度分析,GB 17168,辐射安全与曝光参数,参数,iqi_gray_08_2,像质计0.8 mm灰度·第2次,number,实验员填写本次实际值,,是,简洁填空/选项；过程明细可折叠
金属内部质量X射线灰度分析,GB 17168,辐射安全与曝光参数,参数,iqi_gray_08_3,像质计0.8 mm灰度·第3次,number,实验员填写本次实际值,,是,简洁填空/选项；过程明细可折叠
金属内部质量X射线灰度分析,GB 17168,辐射安全与曝光参数,参数,iqi_gray_09_1,像质计0.9 mm灰度·第1次,number,实验员填写本次实际值,,是,简洁填空/选项；过程明细可折叠
金属内部质量X射线灰度分析,GB 17168,辐射安全与曝光参数,参数,iqi_gray_09_2,像质计0.9 mm灰度·第2次,number,实验员填写本次实际值,,是,简洁填空/选项；过程明细可折叠
金属内部质量X射线灰度分析,GB 17168,辐射安全与曝光参数,参数,iqi_gray_09_3,像质计0.9 mm灰度·第3次,number,实验员填写本次实际值,,是,简洁填空/选项；过程明细可折叠
金属内部质量X射线灰度分析,GB 17168,辐射安全与曝光参数,参数,iqi_gray_10_1,像质计1.0 mm灰度·第1次,number,实验员填写本次实际值,,是,简洁填空/选项；过程明细可折叠
金属内部质量X射线灰度分析,GB 17168,辐射安全与曝光参数,参数,iqi_gray_10_2,像质计1.0 mm灰度·第2次,number,实验员填写本次实际值,,是,简洁填空/选项；过程明细可折叠
金属内部质量X射线灰度分析,GB 17168,辐射安全与曝光参数,参数,iqi_gray_10_3,像质计1.0 mm灰度·第3次,number,实验员填写本次实际值,,是,简洁填空/选项；过程明细可折叠
金属内部质量X射线灰度分析,GB 17168,辐射安全与曝光参数,参数,image_path,原始图像保存路径,text,前序流程、配置快照或附件索引自动带入,,系统自动,只读摘要或后台隐藏
金属内部质量X射线灰度分析,GB 17168,原始测量数据,样品数据,sample_no,样品编号,text,实验员按样品填写或选择,,是,样品卡片
金属内部质量X射线灰度分析,GB 17168,原始测量数据,样品数据,sample_name_tooth,样品名称/牙位,text,实验员按样品填写或选择,,是,样品卡片
金属内部质量X射线灰度分析,GB 17168,原始测量数据,样品数据,image_no,图像文件编号,text,系统自动计算/附件索引自动关联,,系统自动,只读结果/后台关联
金属内部质量X射线灰度分析,GB 17168,原始测量数据,样品数据,sample_status,样品状态,select:完好|异常,实验员按样品填写或选择,,是,样品卡片
金属内部质量X射线灰度分析,GB 17168,原始测量数据,样品数据,image_valid,图像有效性,select:有效|无效,实验员按样品填写或选择,,是,样品卡片
金属内部质量X射线灰度分析,GB 17168,原始测量数据,样品数据,iqi_display,像质计显示,select:清晰|不清晰,实验员按样品填写或选择,,是,样品卡片
金属内部质量X射线灰度分析,GB 17168,原始测量数据,样品数据,roi1_reading1,ROI-1灰度·第1次,number,实验员按样品填写或选择,,是,样品卡片
金属内部质量X射线灰度分析,GB 17168,原始测量数据,样品数据,roi1_reading2,ROI-1灰度·第2次,number,实验员按样品填写或选择,,是,样品卡片
金属内部质量X射线灰度分析,GB 17168,原始测量数据,样品数据,roi1_reading3,ROI-1灰度·第3次,number,实验员按样品填写或选择,,是,样品卡片
金属内部质量X射线灰度分析,GB 17168,原始测量数据,样品数据,roi2_reading1,ROI-2灰度·第1次,number,实验员按样品填写或选择,,是,样品卡片
金属内部质量X射线灰度分析,GB 17168,原始测量数据,样品数据,roi2_reading2,ROI-2灰度·第2次,number,实验员按样品填写或选择,,是,样品卡片
金属内部质量X射线灰度分析,GB 17168,原始测量数据,样品数据,roi2_reading3,ROI-2灰度·第3次,number,实验员按样品填写或选择,,是,样品卡片
金属内部质量X射线灰度分析,GB 17168,原始测量数据,样品数据,roi3_reading1,ROI-3灰度·第1次,number,实验员按样品填写或选择,,是,样品卡片
金属内部质量X射线灰度分析,GB 17168,原始测量数据,样品数据,roi3_reading2,ROI-3灰度·第2次,number,实验员按样品填写或选择,,是,样品卡片
金属内部质量X射线灰度分析,GB 17168,原始测量数据,样品数据,roi3_reading3,ROI-3灰度·第3次,number,实验员按样品填写或选择,,是,样品卡片
金属内部质量X射线灰度分析,GB 17168,原始测量数据,样品数据,roi1,ROI-1平均灰度,calc,系统自动计算/附件索引自动关联,,系统自动,只读结果/后台关联
金属内部质量X射线灰度分析,GB 17168,原始测量数据,样品数据,roi2,ROI-2平均灰度,calc,系统自动计算/附件索引自动关联,,系统自动,只读结果/后台关联
金属内部质量X射线灰度分析,GB 17168,原始测量数据,样品数据,roi3,ROI-3平均灰度,calc,系统自动计算/附件索引自动关联,,系统自动,只读结果/后台关联
金属内部质量X射线灰度分析,GB 17168,原始测量数据,样品数据,roi_mean,ROI平均灰度,calc,系统自动计算/附件索引自动关联,,系统自动,只读结果/后台关联
金属内部质量X射线灰度分析,GB 17168,原始测量数据,样品数据,thickness_relation,接近/介于像质计厚度点,text,实验员按样品填写或选择,,否,样品卡片
金属内部质量X射线灰度分析,GB 17168,原始测量数据,样品数据,estimated_thickness,厚度估算结果,text,实验员按样品填写或选择,,否,样品卡片
金属内部质量X射线灰度分析,GB 17168,原始测量数据,样品数据,defect,异常影像/位置,text,实验员按样品填写或选择,,否,样品卡片
金属内部质量X射线灰度分析,GB 17168,原始测量数据,样品数据,retake,是否复拍,select:否|是,实验员按样品填写或选择,,否,样品卡片
金属内部质量X射线灰度分析,GB 17168,原始测量数据,样品数据,conclusion,单样结论,select:合格|不合格|需复检|超出适用范围,实验员按样品填写或选择,,是,样品卡片
金属内部质量X射线灰度分析,GB 17168,原始测量数据,样品数据,note,备注,text,实验员按样品填写或选择,,否,样品卡片
翘曲变形试验,YY/T 1702,环境与设备,参数,test_date,检测日期,date,实验员填写或确认,,是,简洁填空/选项
翘曲变形试验,YY/T 1702,环境与设备,参数,temperature_before,检测前温度/℃,number,实验员填写本次实际值,23.0,是,简洁填空/选项；过程明细可折叠
翘曲变形试验,YY/T 1702,环境与设备,参数,temperature_after,检测后温度/℃,number,实验员填写本次实际值,23.0,是,简洁填空/选项；过程明细可折叠
翘曲变形试验,YY/T 1702,环境与设备,参数,humidity_before,检测前湿度/%RH,number,实验员填写本次实际值,50.0,是,简洁填空/选项；过程明细可折叠
翘曲变形试验,YY/T 1702,环境与设备,参数,humidity_after,检测后湿度/%RH,number,实验员填写本次实际值,50.0,是,简洁填空/选项；过程明细可折叠
翘曲变形试验,YY/T 1702,环境与设备,参数,detection_location,检测地点,text,前序流程、配置快照或附件索引自动带入,,系统自动,只读摘要或后台隐藏
翘曲变形试验,YY/T 1702,环境与设备,参数,start_time,实验开始时间,datetime,实验员填写本次实际值,,是,简洁填空/选项；过程明细可折叠
翘曲变形试验,YY/T 1702,环境与设备,参数,end_time,实验结束时间,datetime,实验员填写本次实际值,,是,简洁填空/选项；过程明细可折叠
翘曲变形试验,YY/T 1702,环境与设备,参数,environment_interference,振动/气流影响,select,现行实验配置默认值；发生偏离时修改,无明显干扰,是,默认只读；选择偏离后展开
翘曲变形试验,YY/T 1702,环境与设备,参数,work_area_status,试验区域状态,multiselect,现行实验配置默认值；发生偏离时修改,"[""清洁"", ""干燥"", ""无明显粉尘"", ""无无关物品""]",是,默认只读；选择偏离后展开
翘曲变形试验,YY/T 1702,环境与设备,参数,software,软件名称/版本,text,前序流程、配置快照或附件索引自动带入,,系统自动,只读摘要或后台隐藏
翘曲变形试验,YY/T 1702,环境与设备,参数,data_path,仪器原始数据保存路径,text,前序流程、配置快照或附件索引自动带入,,系统自动,只读摘要或后台隐藏
翘曲变形试验,YY/T 1702,环境与设备,参数,equipment_name,主要设备名称,text,前序流程、配置快照或附件索引自动带入,,系统自动,只读摘要或后台隐藏
翘曲变形试验,YY/T 1702,环境与设备,参数,equipment_model,设备型号/规格,text,前序流程、配置快照或附件索引自动带入,,系统自动,只读摘要或后台隐藏
翘曲变形试验,YY/T 1702,环境与设备,参数,equipment_no,设备管理编号,text,前序流程、配置快照或附件索引自动带入,,系统自动,只读摘要或后台隐藏
翘曲变形试验,YY/T 1702,环境与设备,参数,calibration_certificate,校准/检定证书编号,text,前序流程、配置快照或附件索引自动带入,,系统自动,只读摘要或后台隐藏
翘曲变形试验,YY/T 1702,环境与设备,参数,calibration_due,台账校准时间,text,前序流程、配置快照或附件索引自动带入,,系统自动,只读摘要或后台隐藏
翘曲变形试验,YY/T 1702,环境与设备,参数,equipment_status,使用前设备状态,select,前序流程、配置快照或附件索引自动带入,,系统自动,只读摘要或后台隐藏
翘曲变形试验,YY/T 1702,测量和切割参数,参数,image_device_no,二次元影像仪编号,text,实验员填写或确认,,是,简洁填空/选项
翘曲变形试验,YY/T 1702,测量和切割参数,参数,software_version,测量软件/版本,text,实验员填写或确认,,是,简洁填空/选项
翘曲变形试验,YY/T 1702,测量和切割参数,参数,cutting_device_no,切割设备编号,text,实验员填写或确认,,是,简洁填空/选项
翘曲变形试验,YY/T 1702,测量和切割参数,参数,fixture_no,专用试样夹具编号,text,实验员填写或确认,,是,简洁填空/选项
翘曲变形试验,YY/T 1702,测量和切割参数,参数,cutting_disc,切割片规格/批号,text,实验员填写或确认,,是,简洁填空/选项
翘曲变形试验,YY/T 1702,测量和切割参数,参数,measurement_function,测量功能,text,现行实验配置默认值；发生偏离时修改,Point to Line,是,默认只读；选择偏离后展开
翘曲变形试验,YY/T 1702,测量和切割参数,参数,baseline_before,切割前基准线确认,select,实验员填写或确认,,是,简洁填空/选项
翘曲变形试验,YY/T 1702,测量和切割参数,参数,coolant,切割冷却液状态,select,实验员填写或确认,,是,简洁填空/选项
翘曲变形试验,YY/T 1702,测量和切割参数,参数,cut_position,切割位置/方向,text,实验员填写或确认,,是,简洁填空/选项
翘曲变形试验,YY/T 1702,测量和切割参数,参数,spindle_speed,主轴转速实设/显示,text,实验员填写或确认,,否,简洁填空/选项
翘曲变形试验,YY/T 1702,测量和切割参数,参数,cutting_stroke,切割行程,number,现行实验配置默认值；发生偏离时修改,50.0,是,默认只读；选择偏离后展开
翘曲变形试验,YY/T 1702,测量和切割参数,参数,feed_speed,进给速度,number,现行实验配置默认值；发生偏离时修改,0.1,是,默认只读；选择偏离后展开
翘曲变形试验,YY/T 1702,测量和切割参数,参数,baseline_after,切割后基准线确认,select,实验员填写或确认,,是,简洁填空/选项
翘曲变形试验,YY/T 1702,测量和切割参数,参数,image_before_path,切割前原始图像路径,text,前序流程、配置快照或附件索引自动带入,,系统自动,只读摘要或后台隐藏
翘曲变形试验,YY/T 1702,测量和切割参数,参数,image_after_path,切割后原始图像路径,text,前序流程、配置快照或附件索引自动带入,,系统自动,只读摘要或后台隐藏
翘曲变形试验,YY/T 1702,原始测量数据,样品数据,sample_no,试样编号,text,实验员按样品填写或选择,,是,样品卡片
翘曲变形试验,YY/T 1702,原始测量数据,样品数据,h1,H1/mm,number,实验员按样品填写或选择,,是,样品卡片
翘曲变形试验,YY/T 1702,原始测量数据,样品数据,h2,H2/mm,number,实验员按样品填写或选择,,是,样品卡片
翘曲变形试验,YY/T 1702,原始测量数据,样品数据,cut_start,切割开始时间,text,实验员按样品填写或选择,,否,样品卡片
翘曲变形试验,YY/T 1702,原始测量数据,样品数据,cut_end,切割结束时间,text,实验员按样品填写或选择,,否,样品卡片
翘曲变形试验,YY/T 1702,原始测量数据,样品数据,coolant_status,冷却液持续供给,select:是|否,实验员按样品填写或选择,,是,样品卡片
翘曲变形试验,YY/T 1702,原始测量数据,样品数据,remade,是否重新制样,select:否|是,实验员按样品填写或选择,,是,样品卡片
翘曲变形试验,YY/T 1702,原始测量数据,样品数据,delta,ΔH=H1-H2/mm,calc,系统自动计算/附件索引自动关联,,系统自动,只读结果/后台关联
翘曲变形试验,YY/T 1702,原始测量数据,样品数据,limit,判定限值/mm,number,实验员按样品填写或选择,,是,样品卡片
翘曲变形试验,YY/T 1702,原始测量数据,样品数据,edge_condition,切口崩边/裂纹状态,text,实验员按样品填写或选择,,否,样品卡片
翘曲变形试验,YY/T 1702,原始测量数据,样品数据,conclusion,单样结论,calc,系统自动计算/附件索引自动关联,,系统自动,只读结果/后台关联
翘曲变形试验,YY/T 1702,原始测量数据,样品数据,note,备注,text,实验员按样品填写或选择,,否,样品卡片
热膨胀系数试验,YY 0621.1,环境与设备,参数,test_date,检测日期,date,实验员填写或确认,,是,简洁填空/选项
热膨胀系数试验,YY 0621.1,环境与设备,参数,temperature_before,检测前温度/℃,number,实验员填写本次实际值,23.0,是,简洁填空/选项；过程明细可折叠
热膨胀系数试验,YY 0621.1,环境与设备,参数,temperature_after,检测后温度/℃,number,实验员填写本次实际值,23.0,是,简洁填空/选项；过程明细可折叠
热膨胀系数试验,YY 0621.1,环境与设备,参数,humidity_before,检测前湿度/%RH,number,实验员填写本次实际值,50.0,是,简洁填空/选项；过程明细可折叠
热膨胀系数试验,YY 0621.1,环境与设备,参数,humidity_after,检测后湿度/%RH,number,实验员填写本次实际值,50.0,是,简洁填空/选项；过程明细可折叠
热膨胀系数试验,YY 0621.1,环境与设备,参数,detection_location,检测地点,text,前序流程、配置快照或附件索引自动带入,,系统自动,只读摘要或后台隐藏
热膨胀系数试验,YY 0621.1,环境与设备,参数,start_time,实验开始时间,datetime,实验员填写本次实际值,,是,简洁填空/选项；过程明细可折叠
热膨胀系数试验,YY 0621.1,环境与设备,参数,end_time,实验结束时间,datetime,实验员填写本次实际值,,是,简洁填空/选项；过程明细可折叠
热膨胀系数试验,YY 0621.1,环境与设备,参数,environment_interference,振动/气流影响,select,现行实验配置默认值；发生偏离时修改,无明显干扰,是,默认只读；选择偏离后展开
热膨胀系数试验,YY 0621.1,环境与设备,参数,work_area_status,试验区域状态,multiselect,现行实验配置默认值；发生偏离时修改,"[""清洁"", ""干燥"", ""无明显粉尘"", ""无无关物品""]",是,默认只读；选择偏离后展开
热膨胀系数试验,YY 0621.1,环境与设备,参数,software,软件名称/版本,text,前序流程、配置快照或附件索引自动带入,,系统自动,只读摘要或后台隐藏
热膨胀系数试验,YY 0621.1,环境与设备,参数,data_path,仪器原始数据保存路径,text,前序流程、配置快照或附件索引自动带入,,系统自动,只读摘要或后台隐藏
热膨胀系数试验,YY 0621.1,环境与设备,参数,equipment_name,主要设备名称,text,前序流程、配置快照或附件索引自动带入,,系统自动,只读摘要或后台隐藏
热膨胀系数试验,YY 0621.1,环境与设备,参数,equipment_model,设备型号/规格,text,前序流程、配置快照或附件索引自动带入,,系统自动,只读摘要或后台隐藏
热膨胀系数试验,YY 0621.1,环境与设备,参数,equipment_no,设备管理编号,text,前序流程、配置快照或附件索引自动带入,,系统自动,只读摘要或后台隐藏
热膨胀系数试验,YY 0621.1,环境与设备,参数,calibration_certificate,校准/检定证书编号,text,前序流程、配置快照或附件索引自动带入,,系统自动,只读摘要或后台隐藏
热膨胀系数试验,YY 0621.1,环境与设备,参数,calibration_due,台账校准时间,text,前序流程、配置快照或附件索引自动带入,,系统自动,只读摘要或后台隐藏
热膨胀系数试验,YY 0621.1,环境与设备,参数,equipment_status,使用前设备状态,select,前序流程、配置快照或附件索引自动带入,,系统自动,只读摘要或后台隐藏
热膨胀系数试验,YY 0621.1,试验参数,参数,start_temperature,起始温度/℃,number,现行实验配置默认值；发生偏离时修改,25.0,是,默认只读；选择偏离后展开
热膨胀系数试验,YY 0621.1,试验参数,参数,end_temperature,终止温度/℃,number,现行实验配置默认值；发生偏离时修改,550.0,是,默认只读；选择偏离后展开
热膨胀系数试验,YY 0621.1,试验参数,参数,heating_rate,升温速率/℃·min⁻¹,number,实验员填写或确认,,是,简洁填空/选项
热膨胀系数试验,YY 0621.1,试验参数,参数,atmosphere,试验气氛,text,实验员填写或确认,,否,简洁填空/选项
热膨胀系数试验,YY 0621.1,试验参数,参数,pv_range,PV值/稳定范围,text,现行实验配置默认值；发生偏离时修改,50～60,否,默认只读；选择偏离后展开
热膨胀系数试验,YY 0621.1,试验参数,参数,initial_pv,试验前PV实测值,number,实验员填写本次实际值,,是,简洁填空/选项；过程明细可折叠
热膨胀系数试验,YY 0621.1,试验参数,参数,sample_install,试样安装状态,select,实验员填写或确认,,是,简洁填空/选项
热膨胀系数试验,YY 0621.1,试验参数,参数,curve_path,热膨胀曲线文件路径,text,前序流程、配置快照或附件索引自动带入,,系统自动,只读摘要或后台隐藏
热膨胀系数试验,YY 0621.1,原始测量数据,样品数据,sample_no,试样编号,text,实验员按样品填写或选择,,是,样品卡片
热膨胀系数试验,YY 0621.1,原始测量数据,样品数据,l0,初始长度L0/mm,number,实验员按样品填写或选择,,是,样品卡片
热膨胀系数试验,YY 0621.1,原始测量数据,样品数据,width_or_diameter,宽/直径/mm,number,实验员按样品填写或选择,,是,样品卡片
热膨胀系数试验,YY 0621.1,原始测量数据,样品数据,thickness,厚度/mm,number,实验员按样品填写或选择,,是,样品卡片
热膨胀系数试验,YY 0621.1,原始测量数据,样品数据,installation_direction,安装方向,select:正确|不适用,实验员按样品填写或选择,,是,样品卡片
热膨胀系数试验,YY 0621.1,原始测量数据,样品数据,sample_secure,是否牢固,select:是|否,实验员按样品填写或选择,,是,样品卡片
热膨胀系数试验,YY 0621.1,原始测量数据,样品数据,run_start,开始时间,text,实验员按样品填写或选择,,是,样品卡片
热膨胀系数试验,YY 0621.1,原始测量数据,样品数据,run_end,结束时间,text,实验员按样品填写或选择,,是,样品卡片
热膨胀系数试验,YY 0621.1,原始测量数据,样品数据,run_status,升温状态,select:正常|异常,实验员按样品填写或选择,,是,样品卡片
热膨胀系数试验,YY 0621.1,原始测量数据,样品数据,auto_stop,自动停止,select:是|否,实验员按样品填写或选择,,是,样品卡片
热膨胀系数试验,YY 0621.1,原始测量数据,样品数据,validity,有效性,select:有效|无效,实验员按样品填写或选择,,是,样品卡片
热膨胀系数试验,YY 0621.1,原始测量数据,样品数据,t1,起始温度/℃,number,实验员按样品填写或选择,,是,样品卡片
热膨胀系数试验,YY 0621.1,原始测量数据,样品数据,t2,终止温度/℃,number,实验员按样品填写或选择,,是,样品卡片
热膨胀系数试验,YY 0621.1,原始测量数据,样品数据,delta_l,长度变化ΔL/μm,number,实验员按样品填写或选择,,是,样品卡片
热膨胀系数试验,YY 0621.1,原始测量数据,样品数据,delta_t,温差ΔT/℃,calc,系统自动计算/附件索引自动关联,,系统自动,只读结果/后台关联
热膨胀系数试验,YY 0621.1,原始测量数据,样品数据,alpha,线膨胀系数/(10⁻⁶/K),calc,系统自动计算/附件索引自动关联,,系统自动,只读结果/后台关联
热膨胀系数试验,YY 0621.1,原始测量数据,样品数据,curve_no,曲线文件编号,text,系统自动计算/附件索引自动关联,,系统自动,只读结果/后台关联
热膨胀系数试验,YY 0621.1,原始测量数据,样品数据,conclusion,单样结论,text,实验员按样品填写或选择,,是,样品卡片
热膨胀系数试验,YY 0621.1,原始测量数据,样品数据,note,备注,text,实验员按样品填写或选择,,否,样品卡片
陶瓷牙耐急冷急热试验,YY 0300,环境与设备,参数,test_date,检测日期,date,实验员填写或确认,,是,简洁填空/选项
陶瓷牙耐急冷急热试验,YY 0300,环境与设备,参数,temperature_before,检测前温度/℃,number,实验员填写本次实际值,23.0,是,简洁填空/选项；过程明细可折叠
陶瓷牙耐急冷急热试验,YY 0300,环境与设备,参数,temperature_after,检测后温度/℃,number,实验员填写本次实际值,23.0,是,简洁填空/选项；过程明细可折叠
陶瓷牙耐急冷急热试验,YY 0300,环境与设备,参数,humidity_before,检测前湿度/%RH,number,实验员填写本次实际值,50.0,是,简洁填空/选项；过程明细可折叠
陶瓷牙耐急冷急热试验,YY 0300,环境与设备,参数,humidity_after,检测后湿度/%RH,number,实验员填写本次实际值,50.0,是,简洁填空/选项；过程明细可折叠
陶瓷牙耐急冷急热试验,YY 0300,环境与设备,参数,detection_location,检测地点,text,前序流程、配置快照或附件索引自动带入,,系统自动,只读摘要或后台隐藏
陶瓷牙耐急冷急热试验,YY 0300,环境与设备,参数,start_time,实验开始时间,datetime,实验员填写本次实际值,,是,简洁填空/选项；过程明细可折叠
陶瓷牙耐急冷急热试验,YY 0300,环境与设备,参数,end_time,实验结束时间,datetime,实验员填写本次实际值,,是,简洁填空/选项；过程明细可折叠
陶瓷牙耐急冷急热试验,YY 0300,环境与设备,参数,environment_interference,振动/气流影响,select,现行实验配置默认值；发生偏离时修改,无明显干扰,是,默认只读；选择偏离后展开
陶瓷牙耐急冷急热试验,YY 0300,环境与设备,参数,work_area_status,试验区域状态,multiselect,现行实验配置默认值；发生偏离时修改,"[""清洁"", ""干燥"", ""无明显粉尘"", ""无无关物品""]",是,默认只读；选择偏离后展开
陶瓷牙耐急冷急热试验,YY 0300,环境与设备,参数,software,软件名称/版本,text,前序流程、配置快照或附件索引自动带入,,系统自动,只读摘要或后台隐藏
陶瓷牙耐急冷急热试验,YY 0300,环境与设备,参数,data_path,仪器原始数据保存路径,text,前序流程、配置快照或附件索引自动带入,,系统自动,只读摘要或后台隐藏
陶瓷牙耐急冷急热试验,YY 0300,环境与设备,参数,equipment_name,主要设备名称,text,前序流程、配置快照或附件索引自动带入,,系统自动,只读摘要或后台隐藏
陶瓷牙耐急冷急热试验,YY 0300,环境与设备,参数,equipment_model,设备型号/规格,text,前序流程、配置快照或附件索引自动带入,,系统自动,只读摘要或后台隐藏
陶瓷牙耐急冷急热试验,YY 0300,环境与设备,参数,equipment_no,设备管理编号,text,前序流程、配置快照或附件索引自动带入,,系统自动,只读摘要或后台隐藏
陶瓷牙耐急冷急热试验,YY 0300,环境与设备,参数,calibration_certificate,校准/检定证书编号,text,前序流程、配置快照或附件索引自动带入,,系统自动,只读摘要或后台隐藏
陶瓷牙耐急冷急热试验,YY 0300,环境与设备,参数,calibration_due,台账校准时间,text,前序流程、配置快照或附件索引自动带入,,系统自动,只读摘要或后台隐藏
陶瓷牙耐急冷急热试验,YY 0300,环境与设备,参数,equipment_status,使用前设备状态,select,前序流程、配置快照或附件索引自动带入,,系统自动,只读摘要或后台隐藏
陶瓷牙耐急冷急热试验,YY 0300,温度、时间和观察条件,参数,container_no,金属带孔容器编号,text,实验员填写本次实际值,,是,简洁填空/选项；过程明细可折叠
陶瓷牙耐急冷急热试验,YY 0300,温度、时间和观察条件,参数,oven_temperature,烘箱温度/℃,number,现行实验配置默认值；发生偏离时修改,100.0,是,默认只读；选择偏离后展开
陶瓷牙耐急冷急热试验,YY 0300,温度、时间和观察条件,参数,first_heating_time,首次加热时间/min,number,现行实验配置默认值；发生偏离时修改,20.0,是,默认只读；选择偏离后展开
陶瓷牙耐急冷急热试验,YY 0300,温度、时间和观察条件,参数,first_heating_start,首次加热开始时间,text,实验员填写或确认,,是,简洁填空/选项
陶瓷牙耐急冷急热试验,YY 0300,温度、时间和观察条件,参数,first_heating_end,首次加热结束时间,text,实验员填写或确认,,是,简洁填空/选项
陶瓷牙耐急冷急热试验,YY 0300,温度、时间和观察条件,参数,transfer_time,转移时间/s,number,现行实验配置默认值；发生偏离时修改,3.0,是,默认只读；选择偏离后展开
陶瓷牙耐急冷急热试验,YY 0300,温度、时间和观察条件,参数,ice_water_temperature,冰水温度/℃,number,现行实验配置默认值；发生偏离时修改,1.0,是,默认只读；选择偏离后展开
陶瓷牙耐急冷急热试验,YY 0300,温度、时间和观察条件,参数,immersion_time,冰水浸泡时间/min,number,现行实验配置默认值；发生偏离时修改,5.0,是,默认只读；选择偏离后展开
陶瓷牙耐急冷急热试验,YY 0300,温度、时间和观察条件,参数,ice_immersion_start,冰水浸泡开始时间,text,实验员填写或确认,,是,简洁填空/选项
陶瓷牙耐急冷急热试验,YY 0300,温度、时间和观察条件,参数,ice_immersion_end,冰水浸泡结束时间,text,实验员填写或确认,,是,简洁填空/选项
陶瓷牙耐急冷急热试验,YY 0300,温度、时间和观察条件,参数,second_heating_time,再次加热时间/min,number,现行实验配置默认值；发生偏离时修改,15.0,是,默认只读；选择偏离后展开
陶瓷牙耐急冷急热试验,YY 0300,温度、时间和观察条件,参数,second_heating_start,再次加热开始时间,text,实验员填写本次实际值,,是,简洁填空/选项；过程明细可折叠
陶瓷牙耐急冷急热试验,YY 0300,温度、时间和观察条件,参数,second_heating_end,再次加热结束时间,text,实验员填写本次实际值,,是,简洁填空/选项；过程明细可折叠
陶瓷牙耐急冷急热试验,YY 0300,温度、时间和观察条件,参数,cooling_temperature,观察前冷却温度/℃,number,现行实验配置默认值；发生偏离时修改,23.0,是,默认只读；选择偏离后展开
陶瓷牙耐急冷急热试验,YY 0300,温度、时间和观察条件,参数,illumination,观察照度/lx,number,现行实验配置默认值；发生偏离时修改,1000.0,是,默认只读；选择偏离后展开
陶瓷牙耐急冷急热试验,YY 0300,温度、时间和观察条件,参数,magnification,放大倍数,number,现行实验配置默认值；发生偏离时修改,10.0,否,默认只读；选择偏离后展开
陶瓷牙耐急冷急热试验,YY 0300,温度、时间和观察条件,参数,cooling_start,自然冷却开始时间,text,实验员填写或确认,,是,简洁填空/选项
陶瓷牙耐急冷急热试验,YY 0300,温度、时间和观察条件,参数,cooling_end,自然冷却完成时间,text,实验员填写或确认,,是,简洁填空/选项
陶瓷牙耐急冷急热试验,YY 0300,温度、时间和观察条件,参数,surface_temperature,观察前样品表面温度/℃,number,实验员填写本次实际值,,是,简洁填空/选项；过程明细可折叠
陶瓷牙耐急冷急热试验,YY 0300,温度、时间和观察条件,参数,timer_no,计时器编号,text,实验员填写或确认,,是,简洁填空/选项
陶瓷牙耐急冷急热试验,YY 0300,温度、时间和观察条件,参数,thermometer_no,温度计编号,text,实验员填写或确认,,是,简洁填空/选项
陶瓷牙耐急冷急热试验,YY 0300,温度、时间和观察条件,参数,monitor_1_time,试验前·测量时间,text,实验员填写本次实际值,,是,简洁填空/选项；过程明细可折叠
陶瓷牙耐急冷急热试验,YY 0300,温度、时间和观察条件,参数,monitor_1_temperature,试验前·冰水温度/℃,number,实验员填写本次实际值,1.0,是,简洁填空/选项；过程明细可折叠
陶瓷牙耐急冷急热试验,YY 0300,温度、时间和观察条件,参数,monitor_1_stable,试验前·稳定读数≥30s,select,现行实验配置默认值；发生偏离时修改,是,是,默认只读；选择偏离后展开
陶瓷牙耐急冷急热试验,YY 0300,温度、时间和观察条件,参数,monitor_1_status,试验前·处理状态,select,现行实验配置默认值；发生偏离时修改,符合,是,默认只读；选择偏离后展开
陶瓷牙耐急冷急热试验,YY 0300,温度、时间和观察条件,参数,monitor_1_note,试验前·处理措施/备注,text,实验员填写本次实际值,,否,简洁填空/选项；过程明细可折叠
陶瓷牙耐急冷急热试验,YY 0300,温度、时间和观察条件,参数,monitor_2_time,样品入水前·测量时间,text,实验员填写本次实际值,,是,简洁填空/选项；过程明细可折叠
陶瓷牙耐急冷急热试验,YY 0300,温度、时间和观察条件,参数,monitor_2_temperature,样品入水前·冰水温度/℃,number,实验员填写本次实际值,1.0,是,简洁填空/选项；过程明细可折叠
陶瓷牙耐急冷急热试验,YY 0300,温度、时间和观察条件,参数,monitor_2_stable,样品入水前·稳定读数≥30s,select,现行实验配置默认值；发生偏离时修改,是,是,默认只读；选择偏离后展开
陶瓷牙耐急冷急热试验,YY 0300,温度、时间和观察条件,参数,monitor_2_status,样品入水前·处理状态,select,现行实验配置默认值；发生偏离时修改,符合,是,默认只读；选择偏离后展开
陶瓷牙耐急冷急热试验,YY 0300,温度、时间和观察条件,参数,monitor_2_note,样品入水前·处理措施/备注,text,实验员填写本次实际值,,否,简洁填空/选项；过程明细可折叠
陶瓷牙耐急冷急热试验,YY 0300,温度、时间和观察条件,参数,monitor_3_time,样品入水15s·测量时间,text,实验员填写本次实际值,,是,简洁填空/选项；过程明细可折叠
陶瓷牙耐急冷急热试验,YY 0300,温度、时间和观察条件,参数,monitor_3_temperature,样品入水15s·冰水温度/℃,number,实验员填写本次实际值,1.0,是,简洁填空/选项；过程明细可折叠
陶瓷牙耐急冷急热试验,YY 0300,温度、时间和观察条件,参数,monitor_3_stable,样品入水15s·稳定读数≥30s,select,现行实验配置默认值；发生偏离时修改,是,是,默认只读；选择偏离后展开
陶瓷牙耐急冷急热试验,YY 0300,温度、时间和观察条件,参数,monitor_3_status,样品入水15s·处理状态,select,现行实验配置默认值；发生偏离时修改,符合,是,默认只读；选择偏离后展开
陶瓷牙耐急冷急热试验,YY 0300,温度、时间和观察条件,参数,monitor_3_note,样品入水15s·处理措施/备注,text,实验员填写本次实际值,,否,简洁填空/选项；过程明细可折叠
陶瓷牙耐急冷急热试验,YY 0300,温度、时间和观察条件,参数,monitor_4_time,样品入水30s·测量时间,text,实验员填写本次实际值,,是,简洁填空/选项；过程明细可折叠
陶瓷牙耐急冷急热试验,YY 0300,温度、时间和观察条件,参数,monitor_4_temperature,样品入水30s·冰水温度/℃,number,实验员填写本次实际值,1.0,是,简洁填空/选项；过程明细可折叠
陶瓷牙耐急冷急热试验,YY 0300,温度、时间和观察条件,参数,monitor_4_stable,样品入水30s·稳定读数≥30s,select,现行实验配置默认值；发生偏离时修改,是,是,默认只读；选择偏离后展开
陶瓷牙耐急冷急热试验,YY 0300,温度、时间和观察条件,参数,monitor_4_status,样品入水30s·处理状态,select,现行实验配置默认值；发生偏离时修改,符合,是,默认只读；选择偏离后展开
陶瓷牙耐急冷急热试验,YY 0300,温度、时间和观察条件,参数,monitor_4_note,样品入水30s·处理措施/备注,text,实验员填写本次实际值,,否,简洁填空/选项；过程明细可折叠
陶瓷牙耐急冷急热试验,YY 0300,温度、时间和观察条件,参数,monitor_5_time,样品入烘箱后·测量时间,text,实验员填写本次实际值,,是,简洁填空/选项；过程明细可折叠
陶瓷牙耐急冷急热试验,YY 0300,温度、时间和观察条件,参数,monitor_5_temperature,样品入烘箱后·冰水温度/℃,number,实验员填写本次实际值,1.0,是,简洁填空/选项；过程明细可折叠
陶瓷牙耐急冷急热试验,YY 0300,温度、时间和观察条件,参数,monitor_5_stable,样品入烘箱后·稳定读数≥30s,select,现行实验配置默认值；发生偏离时修改,是,是,默认只读；选择偏离后展开
陶瓷牙耐急冷急热试验,YY 0300,温度、时间和观察条件,参数,monitor_5_status,样品入烘箱后·处理状态,select,现行实验配置默认值；发生偏离时修改,符合,是,默认只读；选择偏离后展开
陶瓷牙耐急冷急热试验,YY 0300,温度、时间和观察条件,参数,monitor_5_note,样品入烘箱后·处理措施/备注,text,实验员填写本次实际值,,否,简洁填空/选项；过程明细可折叠
陶瓷牙耐急冷急热试验,YY 0300,原始测量数据,样品数据,sample_no,样品编号/位置,text,实验员按样品填写或选择,,是,样品卡片
陶瓷牙耐急冷急热试验,YY 0300,原始测量数据,样品数据,initial_appearance,初始外观,select:无异常|有异常,实验员按样品填写或选择,,是,样品卡片
陶瓷牙耐急冷急热试验,YY 0300,原始测量数据,样品数据,crack,裂纹,select:无|有,实验员按样品填写或选择,,是,样品卡片
陶瓷牙耐急冷急热试验,YY 0300,原始测量数据,样品数据,chipping,崩瓷,select:无|有,实验员按样品填写或选择,,是,样品卡片
陶瓷牙耐急冷急热试验,YY 0300,原始测量数据,样品数据,fracture,破裂/裂开,select:无|有,实验员按样品填写或选择,,是,样品卡片
陶瓷牙耐急冷急热试验,YY 0300,原始测量数据,样品数据,photo_no,观察照片编号,text,系统自动计算/附件索引自动关联,,系统自动,只读结果/后台关联
陶瓷牙耐急冷急热试验,YY 0300,原始测量数据,样品数据,conclusion,单样结论,calc,系统自动计算/附件索引自动关联,,系统自动,只读结果/后台关联
陶瓷牙耐急冷急热试验,YY 0300,原始测量数据,样品数据,note,备注,text,实验员按样品填写或选择,,否,样品卡片
弯曲性能试验,YY/T 1702,环境与设备,参数,test_date,检测日期,date,实验员填写或确认,,是,简洁填空/选项
弯曲性能试验,YY/T 1702,环境与设备,参数,temperature_before,检测前温度/℃,number,实验员填写本次实际值,23.0,是,简洁填空/选项；过程明细可折叠
弯曲性能试验,YY/T 1702,环境与设备,参数,temperature_after,检测后温度/℃,number,实验员填写本次实际值,23.0,是,简洁填空/选项；过程明细可折叠
弯曲性能试验,YY/T 1702,环境与设备,参数,humidity_before,检测前湿度/%RH,number,实验员填写本次实际值,50.0,是,简洁填空/选项；过程明细可折叠
弯曲性能试验,YY/T 1702,环境与设备,参数,humidity_after,检测后湿度/%RH,number,实验员填写本次实际值,50.0,是,简洁填空/选项；过程明细可折叠
弯曲性能试验,YY/T 1702,环境与设备,参数,detection_location,检测地点,text,前序流程、配置快照或附件索引自动带入,,系统自动,只读摘要或后台隐藏
弯曲性能试验,YY/T 1702,环境与设备,参数,start_time,实验开始时间,datetime,实验员填写本次实际值,,是,简洁填空/选项；过程明细可折叠
弯曲性能试验,YY/T 1702,环境与设备,参数,end_time,实验结束时间,datetime,实验员填写本次实际值,,是,简洁填空/选项；过程明细可折叠
弯曲性能试验,YY/T 1702,环境与设备,参数,environment_interference,振动/气流影响,select,现行实验配置默认值；发生偏离时修改,无明显干扰,是,默认只读；选择偏离后展开
弯曲性能试验,YY/T 1702,环境与设备,参数,work_area_status,试验区域状态,multiselect,现行实验配置默认值；发生偏离时修改,"[""清洁"", ""干燥"", ""无明显粉尘"", ""无无关物品""]",是,默认只读；选择偏离后展开
弯曲性能试验,YY/T 1702,环境与设备,参数,software,软件名称/版本,text,前序流程、配置快照或附件索引自动带入,,系统自动,只读摘要或后台隐藏
弯曲性能试验,YY/T 1702,环境与设备,参数,data_path,仪器原始数据保存路径,text,前序流程、配置快照或附件索引自动带入,,系统自动,只读摘要或后台隐藏
弯曲性能试验,YY/T 1702,环境与设备,参数,equipment_name,主要设备名称,text,前序流程、配置快照或附件索引自动带入,,系统自动,只读摘要或后台隐藏
弯曲性能试验,YY/T 1702,环境与设备,参数,equipment_model,设备型号/规格,text,前序流程、配置快照或附件索引自动带入,,系统自动,只读摘要或后台隐藏
弯曲性能试验,YY/T 1702,环境与设备,参数,equipment_no,设备管理编号,text,前序流程、配置快照或附件索引自动带入,,系统自动,只读摘要或后台隐藏
弯曲性能试验,YY/T 1702,环境与设备,参数,calibration_certificate,校准/检定证书编号,text,前序流程、配置快照或附件索引自动带入,,系统自动,只读摘要或后台隐藏
弯曲性能试验,YY/T 1702,环境与设备,参数,calibration_due,台账校准时间,text,前序流程、配置快照或附件索引自动带入,,系统自动,只读摘要或后台隐藏
弯曲性能试验,YY/T 1702,环境与设备,参数,equipment_status,使用前设备状态,select,前序流程、配置快照或附件索引自动带入,,系统自动,只读摘要或后台隐藏
弯曲性能试验,YY/T 1702,试样、夹具和软件参数,参数,printing_process,打印工艺/设备,text,实验员填写或确认,,是,简洁填空/选项
弯曲性能试验,YY/T 1702,试样、夹具和软件参数,参数,heat_treatment_record,热处理记录编号,text,实验员填写或确认,,是,简洁填空/选项
弯曲性能试验,YY/T 1702,试样、夹具和软件参数,参数,printing_direction,打印方向,select,实验员填写或确认,,是,简洁填空/选项
弯曲性能试验,YY/T 1702,试样、夹具和软件参数,参数,force_sensor,2000N力传感器编号,text,实验员填写或确认,,是,简洁填空/选项
弯曲性能试验,YY/T 1702,试样、夹具和软件参数,参数,sensor_calibration_value,力传感器校准值/N,number,实验员填写本次实际值,,是,简洁填空/选项；过程明细可折叠
弯曲性能试验,YY/T 1702,试样、夹具和软件参数,参数,sensor_coefficient,力传感器校准系数,number,实验员填写本次实际值,,是,简洁填空/选项；过程明细可折叠
弯曲性能试验,YY/T 1702,试样、夹具和软件参数,参数,deflectometer,挠度计/变形测量装置编号,text,实验员填写或确认,,是,简洁填空/选项
弯曲性能试验,YY/T 1702,试样、夹具和软件参数,参数,fixture_no,三点弯曲夹具编号,text,实验员填写或确认,,是,简洁填空/选项
弯曲性能试验,YY/T 1702,试样、夹具和软件参数,参数,support_span,支点距离/mm,number,现行实验配置默认值；发生偏离时修改,20.0,是,默认只读；选择偏离后展开
弯曲性能试验,YY/T 1702,试样、夹具和软件参数,参数,speed,位移速度/mm/min,number,现行实验配置默认值；发生偏离时修改,1.0,是,默认只读；选择偏离后展开
弯曲性能试验,YY/T 1702,试样、夹具和软件参数,参数,specified_strain,规定应变/%,number,现行实验配置默认值；发生偏离时修改,0.2,是,默认只读；选择偏离后展开
弯曲性能试验,YY/T 1702,试样、夹具和软件参数,参数,roller_radius,压头/支点R/mm,number,现行实验配置默认值；发生偏离时修改,2.0,是,默认只读；选择偏离后展开
弯曲性能试验,YY/T 1702,试样、夹具和软件参数,参数,fixture_parallel,上压头/下支撑平行,select,实验员填写或确认,,是,简洁填空/选项
弯曲性能试验,YY/T 1702,试样、夹具和软件参数,参数,max_gap,平行块/塞尺最大间隙/mm,number,实验员填写或确认,,是,简洁填空/选项
弯曲性能试验,YY/T 1702,试样、夹具和软件参数,参数,deflectometer_contact,挠度计状态,select,实验员填写或确认,,是,简洁填空/选项
弯曲性能试验,YY/T 1702,试样、夹具和软件参数,参数,zero_force,清零后力值/N,number,实验员填写或确认,,否,简洁填空/选项
弯曲性能试验,YY/T 1702,试样、夹具和软件参数,参数,start_permission,开始试验条件,select,现行实验配置默认值；发生偏离时修改,可以开始试验,是,默认只读；选择偏离后展开
弯曲性能试验,YY/T 1702,原始测量数据,样品数据,sample_no,试样编号,text,实验员按样品填写或选择,,是,样品卡片
弯曲性能试验,YY/T 1702,原始测量数据,样品数据,length,长度/mm,number,实验员按样品填写或选择,,是,样品卡片
弯曲性能试验,YY/T 1702,原始测量数据,样品数据,width,宽度/mm,number,实验员按样品填写或选择,,是,样品卡片
弯曲性能试验,YY/T 1702,原始测量数据,样品数据,height,高度/mm,number,实验员按样品填写或选择,,是,样品卡片
弯曲性能试验,YY/T 1702,原始测量数据,样品数据,span,支点距/mm,number,实验员按样品填写或选择,,是,样品卡片
弯曲性能试验,YY/T 1702,原始测量数据,样品数据,speed,速度/mm/min,number,实验员按样品填写或选择,,是,样品卡片
弯曲性能试验,YY/T 1702,原始测量数据,样品数据,fmax,Fmax/N,number,实验员按样品填写或选择,,是,样品卡片
弯曲性能试验,YY/T 1702,原始测量数据,样品数据,stress_02,0.2%规定非比例弯曲应力/MPa,number,实验员按样品填写或选择,,是,样品卡片
弯曲性能试验,YY/T 1702,原始测量数据,样品数据,curve_no,曲线/数据文件编号,text,系统自动计算/附件索引自动关联,,系统自动,只读结果/后台关联
弯曲性能试验,YY/T 1702,原始测量数据,样品数据,sample_state,试样状态,select:完整|断裂|异常,实验员按样品填写或选择,,是,样品卡片
弯曲性能试验,YY/T 1702,原始测量数据,样品数据,conclusion,单样结论,calc,系统自动计算/附件索引自动关联,,系统自动,只读结果/后台关联
弯曲性能试验,YY/T 1702,原始测量数据,样品数据,note,备注,text,实验员按样品填写或选择,,否,样品卡片
维氏硬度试验,GB/T 4340.1,环境与设备,参数,test_date,检测日期,date,实验员填写或确认,,是,简洁填空/选项
维氏硬度试验,GB/T 4340.1,环境与设备,参数,temperature_before,检测前温度/℃,number,实验员填写本次实际值,23.0,是,简洁填空/选项；过程明细可折叠
维氏硬度试验,GB/T 4340.1,环境与设备,参数,temperature_after,检测后温度/℃,number,实验员填写本次实际值,23.0,是,简洁填空/选项；过程明细可折叠
维氏硬度试验,GB/T 4340.1,环境与设备,参数,humidity_before,检测前湿度/%RH,number,实验员填写本次实际值,50.0,是,简洁填空/选项；过程明细可折叠
维氏硬度试验,GB/T 4340.1,环境与设备,参数,humidity_after,检测后湿度/%RH,number,实验员填写本次实际值,50.0,是,简洁填空/选项；过程明细可折叠
维氏硬度试验,GB/T 4340.1,环境与设备,参数,detection_location,检测地点,text,前序流程、配置快照或附件索引自动带入,,系统自动,只读摘要或后台隐藏
维氏硬度试验,GB/T 4340.1,环境与设备,参数,start_time,实验开始时间,datetime,实验员填写本次实际值,,是,简洁填空/选项；过程明细可折叠
维氏硬度试验,GB/T 4340.1,环境与设备,参数,end_time,实验结束时间,datetime,实验员填写本次实际值,,是,简洁填空/选项；过程明细可折叠
维氏硬度试验,GB/T 4340.1,环境与设备,参数,environment_interference,振动/气流影响,select,现行实验配置默认值；发生偏离时修改,无明显干扰,是,默认只读；选择偏离后展开
维氏硬度试验,GB/T 4340.1,环境与设备,参数,work_area_status,试验区域状态,multiselect,现行实验配置默认值；发生偏离时修改,"[""清洁"", ""干燥"", ""无明显粉尘"", ""无无关物品""]",是,默认只读；选择偏离后展开
维氏硬度试验,GB/T 4340.1,环境与设备,参数,software,软件名称/版本,text,前序流程、配置快照或附件索引自动带入,,系统自动,只读摘要或后台隐藏
维氏硬度试验,GB/T 4340.1,环境与设备,参数,data_path,仪器原始数据保存路径,text,前序流程、配置快照或附件索引自动带入,,系统自动,只读摘要或后台隐藏
维氏硬度试验,GB/T 4340.1,环境与设备,参数,equipment_name,主要设备名称,text,前序流程、配置快照或附件索引自动带入,,系统自动,只读摘要或后台隐藏
维氏硬度试验,GB/T 4340.1,环境与设备,参数,equipment_model,设备型号/规格,text,前序流程、配置快照或附件索引自动带入,,系统自动,只读摘要或后台隐藏
维氏硬度试验,GB/T 4340.1,环境与设备,参数,equipment_no,设备管理编号,text,前序流程、配置快照或附件索引自动带入,,系统自动,只读摘要或后台隐藏
维氏硬度试验,GB/T 4340.1,环境与设备,参数,calibration_certificate,校准/检定证书编号,text,前序流程、配置快照或附件索引自动带入,,系统自动,只读摘要或后台隐藏
维氏硬度试验,GB/T 4340.1,环境与设备,参数,calibration_due,台账校准时间,text,前序流程、配置快照或附件索引自动带入,,系统自动,只读摘要或后台隐藏
维氏硬度试验,GB/T 4340.1,环境与设备,参数,equipment_status,使用前设备状态,select,前序流程、配置快照或附件索引自动带入,,系统自动,只读摘要或后台隐藏
维氏硬度试验,GB/T 4340.1,硬度和试样表面确认,参数,method,试验力级别,text,现行实验配置默认值；发生偏离时修改,HV10,是,默认只读；选择偏离后展开
维氏硬度试验,GB/T 4340.1,硬度和试样表面确认,参数,test_force,试验力/N,number,现行实验配置默认值；发生偏离时修改,98.07,是,默认只读；选择偏离后展开
维氏硬度试验,GB/T 4340.1,硬度和试样表面确认,参数,dwell_time,保荷时间/s,number,现行实验配置默认值；发生偏离时修改,15.0,是,默认只读；选择偏离后展开
维氏硬度试验,GB/T 4340.1,硬度和试样表面确认,参数,standard_block_no,标准硬度块编号/标称值,text,实验员填写或确认,,是,简洁填空/选项
维氏硬度试验,GB/T 4340.1,硬度和试样表面确认,参数,standard_block_due,标准硬度块有效期,date,实验员填写或确认,,是,简洁填空/选项
维氏硬度试验,GB/T 4340.1,硬度和试样表面确认,参数,standard_block_reading_1,标准硬度块实测值1/HV,number,实验员填写本次实际值,,是,简洁填空/选项；过程明细可折叠
维氏硬度试验,GB/T 4340.1,硬度和试样表面确认,参数,standard_block_reading_2,标准硬度块实测值2/HV,number,实验员填写本次实际值,,是,简洁填空/选项；过程明细可折叠
维氏硬度试验,GB/T 4340.1,硬度和试样表面确认,参数,standard_block_reading_3,标准硬度块实测值3/HV,number,实验员填写本次实际值,,是,简洁填空/选项；过程明细可折叠
维氏硬度试验,GB/T 4340.1,硬度和试样表面确认,参数,standard_block_result,标准硬度块核查结果,select,实验员填写或确认,,是,简洁填空/选项
维氏硬度试验,GB/T 4340.1,硬度和试样表面确认,参数,surface_roughness,测试面粗糙度Ra/μm,number,实验员填写或确认,,是,简洁填空/选项
维氏硬度试验,GB/T 4340.1,硬度和试样表面确认,参数,surface_condition,测试面状态,select,实验员填写或确认,,是,简洁填空/选项
维氏硬度试验,GB/T 4340.1,硬度和试样表面确认,参数,perpendicularity,试样垂直性确认,select,实验员填写或确认,,是,简洁填空/选项
维氏硬度试验,GB/T 4340.1,硬度和试样表面确认,参数,objective,物镜/放大倍数,text,实验员填写或确认,,否,简洁填空/选项
维氏硬度试验,GB/T 4340.1,硬度和试样表面确认,参数,indent_measurement_method,压痕测量方式,select,现行实验配置默认值；发生偏离时修改,软件自动,是,默认只读；选择偏离后展开
维氏硬度试验,GB/T 4340.1,硬度和试样表面确认,参数,report_exported,硬度报告已导出,select,现行实验配置默认值；发生偏离时修改,是,是,默认只读；选择偏离后展开
维氏硬度试验,GB/T 4340.1,原始测量数据,样品数据,sample_no,样品编号,text,实验员按样品填写或选择,,是,样品卡片
维氏硬度试验,GB/T 4340.1,原始测量数据,样品数据,face,测试面,text,实验员按样品填写或选择,,是,样品卡片
维氏硬度试验,GB/T 4340.1,原始测量数据,样品数据,indent1,压痕1/HV,number,实验员按样品填写或选择,,是,样品卡片
维氏硬度试验,GB/T 4340.1,原始测量数据,样品数据,indent2,压痕2/HV,number,实验员按样品填写或选择,,是,样品卡片
维氏硬度试验,GB/T 4340.1,原始测量数据,样品数据,indent3,压痕3/HV,number,实验员按样品填写或选择,,是,样品卡片
维氏硬度试验,GB/T 4340.1,原始测量数据,样品数据,mean,测试面平均/HV,calc,系统自动计算/附件索引自动关联,,系统自动,只读结果/后台关联
维氏硬度试验,GB/T 4340.1,原始测量数据,样品数据,indent_quality,压痕有效性,select:有效|无效,实验员按样品填写或选择,,是,样品卡片
维氏硬度试验,GB/T 4340.1,原始测量数据,样品数据,surface_confirm,测试面状态确认,select:符合|不符合,实验员按样品填写或选择,,是,样品卡片
维氏硬度试验,GB/T 4340.1,原始测量数据,样品数据,conclusion,单样结论,text,实验员按样品填写或选择,,是,样品卡片
维氏硬度试验,GB/T 4340.1,原始测量数据,样品数据,image_no,压痕图像编号,text,系统自动计算/附件索引自动关联,,系统自动,只读结果/后台关联
维氏硬度试验,GB/T 4340.1,原始测量数据,样品数据,note,备注,text,实验员按样品填写或选择,,否,样品卡片
增材制造金属试样厚度测量,YY/T 1702,环境与设备,参数,test_date,检测日期,date,实验员填写或确认,,是,简洁填空/选项
增材制造金属试样厚度测量,YY/T 1702,环境与设备,参数,temperature_before,检测前温度/℃,number,实验员填写本次实际值,23.0,是,简洁填空/选项；过程明细可折叠
增材制造金属试样厚度测量,YY/T 1702,环境与设备,参数,temperature_after,检测后温度/℃,number,实验员填写本次实际值,23.0,是,简洁填空/选项；过程明细可折叠
增材制造金属试样厚度测量,YY/T 1702,环境与设备,参数,humidity_before,检测前湿度/%RH,number,实验员填写本次实际值,50.0,是,简洁填空/选项；过程明细可折叠
增材制造金属试样厚度测量,YY/T 1702,环境与设备,参数,humidity_after,检测后湿度/%RH,number,实验员填写本次实际值,50.0,是,简洁填空/选项；过程明细可折叠
增材制造金属试样厚度测量,YY/T 1702,环境与设备,参数,detection_location,检测地点,text,前序流程、配置快照或附件索引自动带入,,系统自动,只读摘要或后台隐藏
增材制造金属试样厚度测量,YY/T 1702,环境与设备,参数,start_time,实验开始时间,datetime,实验员填写本次实际值,,是,简洁填空/选项；过程明细可折叠
增材制造金属试样厚度测量,YY/T 1702,环境与设备,参数,end_time,实验结束时间,datetime,实验员填写本次实际值,,是,简洁填空/选项；过程明细可折叠
增材制造金属试样厚度测量,YY/T 1702,环境与设备,参数,environment_interference,振动/气流影响,select,现行实验配置默认值；发生偏离时修改,无明显干扰,是,默认只读；选择偏离后展开
增材制造金属试样厚度测量,YY/T 1702,环境与设备,参数,work_area_status,试验区域状态,multiselect,现行实验配置默认值；发生偏离时修改,"[""清洁"", ""干燥"", ""无明显粉尘"", ""无无关物品""]",是,默认只读；选择偏离后展开
增材制造金属试样厚度测量,YY/T 1702,环境与设备,参数,software,软件名称/版本,text,前序流程、配置快照或附件索引自动带入,,系统自动,只读摘要或后台隐藏
增材制造金属试样厚度测量,YY/T 1702,环境与设备,参数,data_path,仪器原始数据保存路径,text,前序流程、配置快照或附件索引自动带入,,系统自动,只读摘要或后台隐藏
增材制造金属试样厚度测量,YY/T 1702,环境与设备,参数,equipment_name,主要设备名称,text,前序流程、配置快照或附件索引自动带入,,系统自动,只读摘要或后台隐藏
增材制造金属试样厚度测量,YY/T 1702,环境与设备,参数,equipment_model,设备型号/规格,text,前序流程、配置快照或附件索引自动带入,,系统自动,只读摘要或后台隐藏
增材制造金属试样厚度测量,YY/T 1702,环境与设备,参数,equipment_no,设备管理编号,text,前序流程、配置快照或附件索引自动带入,,系统自动,只读摘要或后台隐藏
增材制造金属试样厚度测量,YY/T 1702,环境与设备,参数,calibration_certificate,校准/检定证书编号,text,前序流程、配置快照或附件索引自动带入,,系统自动,只读摘要或后台隐藏
增材制造金属试样厚度测量,YY/T 1702,环境与设备,参数,calibration_due,台账校准时间,text,前序流程、配置快照或附件索引自动带入,,系统自动,只读摘要或后台隐藏
增材制造金属试样厚度测量,YY/T 1702,环境与设备,参数,equipment_status,使用前设备状态,select,前序流程、配置快照或附件索引自动带入,,系统自动,只读摘要或后台隐藏
增材制造金属试样厚度测量,YY/T 1702,影像测量参数,参数,magnification,测量放大倍率,text,实验员填写或确认,,否,简洁填空/选项
增材制造金属试样厚度测量,YY/T 1702,影像测量参数,参数,calibration_scale,标尺/校准片编号,text,实验员填写或确认,,否,简洁填空/选项
增材制造金属试样厚度测量,YY/T 1702,影像测量参数,参数,calibration_nominal,标准量块标称值/mm,number,实验员填写本次实际值,,是,简洁填空/选项；过程明细可折叠
增材制造金属试样厚度测量,YY/T 1702,影像测量参数,参数,calibration_measured,标准量块实测值/mm,number,实验员填写本次实际值,,是,简洁填空/选项；过程明细可折叠
增材制造金属试样厚度测量,YY/T 1702,影像测量参数,参数,calibration_result,校准核查结果,select,实验员填写或确认,,是,简洁填空/选项
增材制造金属试样厚度测量,YY/T 1702,影像测量参数,参数,cleaning_time,载物台清洁时间,text,实验员填写或确认,,是,简洁填空/选项
增材制造金属试样厚度测量,YY/T 1702,影像测量参数,参数,preheat_start,设备预热开始时间,text,实验员填写或确认,,是,简洁填空/选项
增材制造金属试样厚度测量,YY/T 1702,影像测量参数,参数,preheat_end,设备预热结束时间,text,实验员填写或确认,,是,简洁填空/选项
增材制造金属试样厚度测量,YY/T 1702,影像测量参数,参数,software_version,测量软件版本,text,实验员填写或确认,,是,简洁填空/选项
增材制造金属试样厚度测量,YY/T 1702,影像测量参数,参数,measurement_points,测量点位,text,现行实验配置默认值；发生偏离时修改,固定端、中点、自由端,是,默认只读；选择偏离后展开
增材制造金属试样厚度测量,YY/T 1702,影像测量参数,参数,repeat_count,每个试样重复测量次数,number,现行实验配置默认值；发生偏离时修改,3.0,是,默认只读；选择偏离后展开
增材制造金属试样厚度测量,YY/T 1702,影像测量参数,参数,design_thickness,设计厚度/mm,number,实验员填写本次实际值,,是,简洁填空/选项；过程明细可折叠
增材制造金属试样厚度测量,YY/T 1702,影像测量参数,参数,image_path,原始测量图像路径,text,前序流程、配置快照或附件索引自动带入,,系统自动,只读摘要或后台隐藏
增材制造金属试样厚度测量,YY/T 1702,原始测量数据,样品数据,sample_no,试样编号,text,实验员按样品填写或选择,,是,样品卡片
增材制造金属试样厚度测量,YY/T 1702,原始测量数据,样品数据,r1_fixed_p1,重复1·固定端P1/mm,number,实验员按样品填写或选择,,是,样品卡片
增材制造金属试样厚度测量,YY/T 1702,原始测量数据,样品数据,r1_fixed_p2,重复1·固定端P2/mm,number,实验员按样品填写或选择,,是,样品卡片
增材制造金属试样厚度测量,YY/T 1702,原始测量数据,样品数据,r1_fixed_p3,重复1·固定端P3/mm,number,实验员按样品填写或选择,,是,样品卡片
增材制造金属试样厚度测量,YY/T 1702,原始测量数据,样品数据,r1_middle_p1,重复1·中点P1/mm,number,实验员按样品填写或选择,,是,样品卡片
增材制造金属试样厚度测量,YY/T 1702,原始测量数据,样品数据,r1_middle_p2,重复1·中点P2/mm,number,实验员按样品填写或选择,,是,样品卡片
增材制造金属试样厚度测量,YY/T 1702,原始测量数据,样品数据,r1_middle_p3,重复1·中点P3/mm,number,实验员按样品填写或选择,,是,样品卡片
增材制造金属试样厚度测量,YY/T 1702,原始测量数据,样品数据,r1_free_p1,重复1·自由端P1/mm,number,实验员按样品填写或选择,,是,样品卡片
增材制造金属试样厚度测量,YY/T 1702,原始测量数据,样品数据,r1_free_p2,重复1·自由端P2/mm,number,实验员按样品填写或选择,,是,样品卡片
增材制造金属试样厚度测量,YY/T 1702,原始测量数据,样品数据,r1_free_p3,重复1·自由端P3/mm,number,实验员按样品填写或选择,,是,样品卡片
增材制造金属试样厚度测量,YY/T 1702,原始测量数据,样品数据,r2_fixed_p1,重复2·固定端P1/mm,number,实验员按样品填写或选择,,是,样品卡片
增材制造金属试样厚度测量,YY/T 1702,原始测量数据,样品数据,r2_fixed_p2,重复2·固定端P2/mm,number,实验员按样品填写或选择,,是,样品卡片
增材制造金属试样厚度测量,YY/T 1702,原始测量数据,样品数据,r2_fixed_p3,重复2·固定端P3/mm,number,实验员按样品填写或选择,,是,样品卡片
增材制造金属试样厚度测量,YY/T 1702,原始测量数据,样品数据,r2_middle_p1,重复2·中点P1/mm,number,实验员按样品填写或选择,,是,样品卡片
增材制造金属试样厚度测量,YY/T 1702,原始测量数据,样品数据,r2_middle_p2,重复2·中点P2/mm,number,实验员按样品填写或选择,,是,样品卡片
增材制造金属试样厚度测量,YY/T 1702,原始测量数据,样品数据,r2_middle_p3,重复2·中点P3/mm,number,实验员按样品填写或选择,,是,样品卡片
增材制造金属试样厚度测量,YY/T 1702,原始测量数据,样品数据,r2_free_p1,重复2·自由端P1/mm,number,实验员按样品填写或选择,,是,样品卡片
增材制造金属试样厚度测量,YY/T 1702,原始测量数据,样品数据,r2_free_p2,重复2·自由端P2/mm,number,实验员按样品填写或选择,,是,样品卡片
增材制造金属试样厚度测量,YY/T 1702,原始测量数据,样品数据,r2_free_p3,重复2·自由端P3/mm,number,实验员按样品填写或选择,,是,样品卡片
增材制造金属试样厚度测量,YY/T 1702,原始测量数据,样品数据,r3_fixed_p1,重复3·固定端P1/mm,number,实验员按样品填写或选择,,是,样品卡片
增材制造金属试样厚度测量,YY/T 1702,原始测量数据,样品数据,r3_fixed_p2,重复3·固定端P2/mm,number,实验员按样品填写或选择,,是,样品卡片
增材制造金属试样厚度测量,YY/T 1702,原始测量数据,样品数据,r3_fixed_p3,重复3·固定端P3/mm,number,实验员按样品填写或选择,,是,样品卡片
增材制造金属试样厚度测量,YY/T 1702,原始测量数据,样品数据,r3_middle_p1,重复3·中点P1/mm,number,实验员按样品填写或选择,,是,样品卡片
增材制造金属试样厚度测量,YY/T 1702,原始测量数据,样品数据,r3_middle_p2,重复3·中点P2/mm,number,实验员按样品填写或选择,,是,样品卡片
增材制造金属试样厚度测量,YY/T 1702,原始测量数据,样品数据,r3_middle_p3,重复3·中点P3/mm,number,实验员按样品填写或选择,,是,样品卡片
增材制造金属试样厚度测量,YY/T 1702,原始测量数据,样品数据,r3_free_p1,重复3·自由端P1/mm,number,实验员按样品填写或选择,,是,样品卡片
增材制造金属试样厚度测量,YY/T 1702,原始测量数据,样品数据,r3_free_p2,重复3·自由端P2/mm,number,实验员按样品填写或选择,,是,样品卡片
增材制造金属试样厚度测量,YY/T 1702,原始测量数据,样品数据,r3_free_p3,重复3·自由端P3/mm,number,实验员按样品填写或选择,,是,样品卡片
增材制造金属试样厚度测量,YY/T 1702,原始测量数据,样品数据,fixed_mean,固定端总平均/mm,calc,系统自动计算/附件索引自动关联,,系统自动,只读结果/后台关联
增材制造金属试样厚度测量,YY/T 1702,原始测量数据,样品数据,middle_mean,中点总平均/mm,calc,系统自动计算/附件索引自动关联,,系统自动,只读结果/后台关联
增材制造金属试样厚度测量,YY/T 1702,原始测量数据,样品数据,free_mean,自由端总平均/mm,calc,系统自动计算/附件索引自动关联,,系统自动,只读结果/后台关联
增材制造金属试样厚度测量,YY/T 1702,原始测量数据,样品数据,mean,试样总平均/mm,calc,系统自动计算/附件索引自动关联,,系统自动,只读结果/后台关联
增材制造金属试样厚度测量,YY/T 1702,原始测量数据,样品数据,deviation,尺寸偏差/mm,calc,系统自动计算/附件索引自动关联,,系统自动,只读结果/后台关联
增材制造金属试样厚度测量,YY/T 1702,原始测量数据,样品数据,limit,判定要求/mm,text,实验员按样品填写或选择,,是,样品卡片
增材制造金属试样厚度测量,YY/T 1702,原始测量数据,样品数据,conclusion,单样结论,text,实验员按样品填写或选择,,是,样品卡片
增材制造金属试样厚度测量,YY/T 1702,原始测量数据,样品数据,image_no,图像编号,text,系统自动计算/附件索引自动关联,,系统自动,只读结果/后台关联
增材制造金属试样厚度测量,YY/T 1702,原始测量数据,样品数据,note,备注,text,实验员按样品填写或选择,,否,样品卡片
牙科材料色稳定性试验,YY 0710,环境与设备,参数,test_date,检测日期,date,实验员填写或确认,,是,简洁填空/选项
牙科材料色稳定性试验,YY 0710,环境与设备,参数,temperature_before,检测前温度/℃,number,实验员填写本次实际值,23.0,是,简洁填空/选项；过程明细可折叠
牙科材料色稳定性试验,YY 0710,环境与设备,参数,temperature_after,检测后温度/℃,number,实验员填写本次实际值,23.0,是,简洁填空/选项；过程明细可折叠
牙科材料色稳定性试验,YY 0710,环境与设备,参数,humidity_before,检测前湿度/%RH,number,实验员填写本次实际值,50.0,是,简洁填空/选项；过程明细可折叠
牙科材料色稳定性试验,YY 0710,环境与设备,参数,humidity_after,检测后湿度/%RH,number,实验员填写本次实际值,50.0,是,简洁填空/选项；过程明细可折叠
牙科材料色稳定性试验,YY 0710,环境与设备,参数,detection_location,检测地点,text,前序流程、配置快照或附件索引自动带入,,系统自动,只读摘要或后台隐藏
牙科材料色稳定性试验,YY 0710,环境与设备,参数,start_time,实验开始时间,datetime,实验员填写本次实际值,,是,简洁填空/选项；过程明细可折叠
牙科材料色稳定性试验,YY 0710,环境与设备,参数,end_time,实验结束时间,datetime,实验员填写本次实际值,,是,简洁填空/选项；过程明细可折叠
牙科材料色稳定性试验,YY 0710,环境与设备,参数,environment_interference,振动/气流影响,select,现行实验配置默认值；发生偏离时修改,无明显干扰,是,默认只读；选择偏离后展开
牙科材料色稳定性试验,YY 0710,环境与设备,参数,work_area_status,试验区域状态,multiselect,现行实验配置默认值；发生偏离时修改,"[""清洁"", ""干燥"", ""无明显粉尘"", ""无无关物品""]",是,默认只读；选择偏离后展开
牙科材料色稳定性试验,YY 0710,环境与设备,参数,software,软件名称/版本,text,前序流程、配置快照或附件索引自动带入,,系统自动,只读摘要或后台隐藏
牙科材料色稳定性试验,YY 0710,环境与设备,参数,data_path,仪器原始数据保存路径,text,前序流程、配置快照或附件索引自动带入,,系统自动,只读摘要或后台隐藏
牙科材料色稳定性试验,YY 0710,环境与设备,参数,equipment_name,主要设备名称,text,前序流程、配置快照或附件索引自动带入,,系统自动,只读摘要或后台隐藏
牙科材料色稳定性试验,YY 0710,环境与设备,参数,equipment_model,设备型号/规格,text,前序流程、配置快照或附件索引自动带入,,系统自动,只读摘要或后台隐藏
牙科材料色稳定性试验,YY 0710,环境与设备,参数,equipment_no,设备管理编号,text,前序流程、配置快照或附件索引自动带入,,系统自动,只读摘要或后台隐藏
牙科材料色稳定性试验,YY 0710,环境与设备,参数,calibration_certificate,校准/检定证书编号,text,前序流程、配置快照或附件索引自动带入,,系统自动,只读摘要或后台隐藏
牙科材料色稳定性试验,YY 0710,环境与设备,参数,calibration_due,台账校准时间,text,前序流程、配置快照或附件索引自动带入,,系统自动,只读摘要或后台隐藏
牙科材料色稳定性试验,YY 0710,环境与设备,参数,equipment_status,使用前设备状态,select,前序流程、配置快照或附件索引自动带入,,系统自动,只读摘要或后台隐藏
牙科材料色稳定性试验,YY 0710,光照、水浴和观察条件,参数,source_type,发光源,select,实验员填写或确认,,是,简洁填空/选项
牙科材料色稳定性试验,YY 0710,光照、水浴和观察条件,参数,lamp_no,氙灯编号/批号,text,实验员填写或确认,,否,简洁填空/选项
牙科材料色稳定性试验,YY 0710,光照、水浴和观察条件,参数,lamp_hours,氙灯累计使用时间/h,number,实验员填写或确认,,否,简洁填空/选项
牙科材料色稳定性试验,YY 0710,光照、水浴和观察条件,参数,filter_no,滤光片编号/批号,text,实验员填写或确认,,否,简洁填空/选项
牙科材料色稳定性试验,YY 0710,光照、水浴和观察条件,参数,filter_hours,滤光片累计使用时间/h,number,实验员填写或确认,,否,简洁填空/选项
牙科材料色稳定性试验,YY 0710,光照、水浴和观察条件,参数,water_temperature,水浴温度/℃,number,现行实验配置默认值；发生偏离时修改,37.0,是,默认只读；选择偏离后展开
牙科材料色稳定性试验,YY 0710,光照、水浴和观察条件,参数,sample_illuminance,试样表面照度/lx,number,现行实验配置默认值；发生偏离时修改,150000.0,是,默认只读；选择偏离后展开
牙科材料色稳定性试验,YY 0710,光照、水浴和观察条件,参数,water_distance,试样与水面距离/mm,number,现行实验配置默认值；发生偏离时修改,10.0,是,默认只读；选择偏离后展开
牙科材料色稳定性试验,YY 0710,光照、水浴和观察条件,参数,exposure_time,照射时间/h,number,现行实验配置默认值；发生偏离时修改,24.0,是,默认只读；选择偏离后展开
牙科材料色稳定性试验,YY 0710,光照、水浴和观察条件,参数,water_medium,水浴介质,select,实验员填写或确认,,是,简洁填空/选项
牙科材料色稳定性试验,YY 0710,光照、水浴和观察条件,参数,d65_illuminance,D65灯箱观察照度/lx,number,现行实验配置默认值；发生偏离时修改,1500.0,是,默认只读；选择偏离后展开
牙科材料色稳定性试验,YY 0710,光照、水浴和观察条件,参数,background,观察背景板,select,实验员填写或确认,,否,简洁填空/选项
牙科材料色稳定性试验,YY 0710,光照、水浴和观察条件,参数,observation_distance,观察距离/mm,number,现行实验配置默认值；发生偏离时修改,250.0,是,默认只读；选择偏离后展开
牙科材料色稳定性试验,YY 0710,光照、水浴和观察条件,参数,single_observation_time,单次观察时间/s,number,现行实验配置默认值；发生偏离时修改,2.0,是,默认只读；选择偏离后展开
牙科材料色稳定性试验,YY 0710,光照、水浴和观察条件,参数,observer_1,观察者1姓名/颜色视觉记录,text,实验员填写或确认,,否,简洁填空/选项
牙科材料色稳定性试验,YY 0710,光照、水浴和观察条件,参数,observer_2,观察者2姓名/颜色视觉记录,text,实验员填写或确认,,否,简洁填空/选项
牙科材料色稳定性试验,YY 0710,光照、水浴和观察条件,参数,observer_3,观察者3姓名/颜色视觉记录,text,实验员填写或确认,,否,简洁填空/选项
牙科材料色稳定性试验,YY 0710,光照、水浴和观察条件,参数,observer_qualification,三名观察者颜色视觉资格,select,现行实验配置默认值；发生偏离时修改,均已确认合格,是,默认只读；选择偏离后展开
牙科材料色稳定性试验,YY 0710,光照、水浴和观察条件,参数,exposure_start,照射开始时间,datetime,实验员填写本次实际值,,是,简洁填空/选项；过程明细可折叠
牙科材料色稳定性试验,YY 0710,光照、水浴和观察条件,参数,exposure_end,照射结束时间,datetime,实验员填写本次实际值,,是,简洁填空/选项；过程明细可折叠
牙科材料色稳定性试验,YY 0710,光照、水浴和观察条件,参数,water_temperature_end,结束时水浴温度/℃,number,实验员填写本次实际值,,是,简洁填空/选项；过程明细可折叠
牙科材料色稳定性试验,YY 0710,光照、水浴和观察条件,参数,sample_illuminance_end,结束时试样表面照度/lx,number,实验员填写本次实际值,,是,简洁填空/选项；过程明细可折叠
牙科材料色稳定性试验,YY 0710,光照、水浴和观察条件,参数,water_distance_end,结束时水面距离/mm,number,实验员填写本次实际值,,是,简洁填空/选项；过程明细可折叠
牙科材料色稳定性试验,YY 0710,光照、水浴和观察条件,参数,lamp_box_ready,D65灯箱预热/稳定,select,现行实验配置默认值；发生偏离时修改,已完成,是,默认只读；选择偏离后展开
牙科材料色稳定性试验,YY 0710,光照、水浴和观察条件,参数,observation_date,目视观察日期,date,实验员填写或确认,,是,简洁填空/选项
牙科材料色稳定性试验,YY 0710,光照、水浴和观察条件,参数,color_monitor_1_datetime,开始·日期/时间,datetime,实验员填写本次实际值,,是,简洁填空/选项；过程明细可折叠
牙科材料色稳定性试验,YY 0710,光照、水浴和观察条件,参数,color_monitor_1_runtime,开始·累计时间/h,number,实验员填写本次实际值,,是,简洁填空/选项；过程明细可折叠
牙科材料色稳定性试验,YY 0710,光照、水浴和观察条件,参数,color_monitor_1_water_temperature,开始·水浴温度/℃,number,实验员填写本次实际值,37.0,是,简洁填空/选项；过程明细可折叠
牙科材料色稳定性试验,YY 0710,光照、水浴和观察条件,参数,color_monitor_1_illuminance,开始·试样表面照度/lx,number,实验员填写本次实际值,150000.0,是,简洁填空/选项；过程明细可折叠
牙科材料色稳定性试验,YY 0710,光照、水浴和观察条件,参数,color_monitor_1_distance,开始·水面距离/mm,number,实验员填写本次实际值,10.0,是,简洁填空/选项；过程明细可折叠
牙科材料色稳定性试验,YY 0710,光照、水浴和观察条件,参数,color_monitor_1_device_status,开始·设备状态,select,现行实验配置默认值；发生偏离时修改,正常,是,默认只读；选择偏离后展开
牙科材料色稳定性试验,YY 0710,光照、水浴和观察条件,参数,color_monitor_1_sample_status,开始·试样/遮盖状态,select,现行实验配置默认值；发生偏离时修改,正常,是,默认只读；选择偏离后展开
牙科材料色稳定性试验,YY 0710,光照、水浴和观察条件,参数,color_monitor_1_note,开始·备注,text,实验员填写本次实际值,,否,简洁填空/选项；过程明细可折叠
牙科材料色稳定性试验,YY 0710,光照、水浴和观察条件,参数,color_monitor_2_datetime,过程1·日期/时间,datetime,实验员填写本次实际值,,是,简洁填空/选项；过程明细可折叠
牙科材料色稳定性试验,YY 0710,光照、水浴和观察条件,参数,color_monitor_2_runtime,过程1·累计时间/h,number,实验员填写本次实际值,4.0,是,简洁填空/选项；过程明细可折叠
牙科材料色稳定性试验,YY 0710,光照、水浴和观察条件,参数,color_monitor_2_water_temperature,过程1·水浴温度/℃,number,实验员填写本次实际值,37.0,是,简洁填空/选项；过程明细可折叠
牙科材料色稳定性试验,YY 0710,光照、水浴和观察条件,参数,color_monitor_2_illuminance,过程1·试样表面照度/lx,number,实验员填写本次实际值,150000.0,是,简洁填空/选项；过程明细可折叠
牙科材料色稳定性试验,YY 0710,光照、水浴和观察条件,参数,color_monitor_2_distance,过程1·水面距离/mm,number,实验员填写本次实际值,10.0,是,简洁填空/选项；过程明细可折叠
牙科材料色稳定性试验,YY 0710,光照、水浴和观察条件,参数,color_monitor_2_device_status,过程1·设备状态,select,现行实验配置默认值；发生偏离时修改,正常,是,默认只读；选择偏离后展开
牙科材料色稳定性试验,YY 0710,光照、水浴和观察条件,参数,color_monitor_2_sample_status,过程1·试样/遮盖状态,select,现行实验配置默认值；发生偏离时修改,正常,是,默认只读；选择偏离后展开
牙科材料色稳定性试验,YY 0710,光照、水浴和观察条件,参数,color_monitor_2_note,过程1·备注,text,实验员填写本次实际值,,否,简洁填空/选项；过程明细可折叠
牙科材料色稳定性试验,YY 0710,光照、水浴和观察条件,参数,color_monitor_3_datetime,过程2·日期/时间,datetime,实验员填写本次实际值,,是,简洁填空/选项；过程明细可折叠
牙科材料色稳定性试验,YY 0710,光照、水浴和观察条件,参数,color_monitor_3_runtime,过程2·累计时间/h,number,实验员填写本次实际值,8.0,是,简洁填空/选项；过程明细可折叠
牙科材料色稳定性试验,YY 0710,光照、水浴和观察条件,参数,color_monitor_3_water_temperature,过程2·水浴温度/℃,number,实验员填写本次实际值,37.0,是,简洁填空/选项；过程明细可折叠
牙科材料色稳定性试验,YY 0710,光照、水浴和观察条件,参数,color_monitor_3_illuminance,过程2·试样表面照度/lx,number,实验员填写本次实际值,150000.0,是,简洁填空/选项；过程明细可折叠
牙科材料色稳定性试验,YY 0710,光照、水浴和观察条件,参数,color_monitor_3_distance,过程2·水面距离/mm,number,实验员填写本次实际值,10.0,是,简洁填空/选项；过程明细可折叠
牙科材料色稳定性试验,YY 0710,光照、水浴和观察条件,参数,color_monitor_3_device_status,过程2·设备状态,select,现行实验配置默认值；发生偏离时修改,正常,是,默认只读；选择偏离后展开
牙科材料色稳定性试验,YY 0710,光照、水浴和观察条件,参数,color_monitor_3_sample_status,过程2·试样/遮盖状态,select,现行实验配置默认值；发生偏离时修改,正常,是,默认只读；选择偏离后展开
牙科材料色稳定性试验,YY 0710,光照、水浴和观察条件,参数,color_monitor_3_note,过程2·备注,text,实验员填写本次实际值,,否,简洁填空/选项；过程明细可折叠
牙科材料色稳定性试验,YY 0710,光照、水浴和观察条件,参数,color_monitor_4_datetime,过程3·日期/时间,datetime,实验员填写本次实际值,,是,简洁填空/选项；过程明细可折叠
牙科材料色稳定性试验,YY 0710,光照、水浴和观察条件,参数,color_monitor_4_runtime,过程3·累计时间/h,number,实验员填写本次实际值,12.0,是,简洁填空/选项；过程明细可折叠
牙科材料色稳定性试验,YY 0710,光照、水浴和观察条件,参数,color_monitor_4_water_temperature,过程3·水浴温度/℃,number,实验员填写本次实际值,37.0,是,简洁填空/选项；过程明细可折叠
牙科材料色稳定性试验,YY 0710,光照、水浴和观察条件,参数,color_monitor_4_illuminance,过程3·试样表面照度/lx,number,实验员填写本次实际值,150000.0,是,简洁填空/选项；过程明细可折叠
牙科材料色稳定性试验,YY 0710,光照、水浴和观察条件,参数,color_monitor_4_distance,过程3·水面距离/mm,number,实验员填写本次实际值,10.0,是,简洁填空/选项；过程明细可折叠
牙科材料色稳定性试验,YY 0710,光照、水浴和观察条件,参数,color_monitor_4_device_status,过程3·设备状态,select,现行实验配置默认值；发生偏离时修改,正常,是,默认只读；选择偏离后展开
牙科材料色稳定性试验,YY 0710,光照、水浴和观察条件,参数,color_monitor_4_sample_status,过程3·试样/遮盖状态,select,现行实验配置默认值；发生偏离时修改,正常,是,默认只读；选择偏离后展开
牙科材料色稳定性试验,YY 0710,光照、水浴和观察条件,参数,color_monitor_4_note,过程3·备注,text,实验员填写本次实际值,,否,简洁填空/选项；过程明细可折叠
牙科材料色稳定性试验,YY 0710,光照、水浴和观察条件,参数,color_monitor_5_datetime,过程4·日期/时间,datetime,实验员填写本次实际值,,是,简洁填空/选项；过程明细可折叠
牙科材料色稳定性试验,YY 0710,光照、水浴和观察条件,参数,color_monitor_5_runtime,过程4·累计时间/h,number,实验员填写本次实际值,20.0,是,简洁填空/选项；过程明细可折叠
牙科材料色稳定性试验,YY 0710,光照、水浴和观察条件,参数,color_monitor_5_water_temperature,过程4·水浴温度/℃,number,实验员填写本次实际值,37.0,是,简洁填空/选项；过程明细可折叠
牙科材料色稳定性试验,YY 0710,光照、水浴和观察条件,参数,color_monitor_5_illuminance,过程4·试样表面照度/lx,number,实验员填写本次实际值,150000.0,是,简洁填空/选项；过程明细可折叠
牙科材料色稳定性试验,YY 0710,光照、水浴和观察条件,参数,color_monitor_5_distance,过程4·水面距离/mm,number,实验员填写本次实际值,10.0,是,简洁填空/选项；过程明细可折叠
牙科材料色稳定性试验,YY 0710,光照、水浴和观察条件,参数,color_monitor_5_device_status,过程4·设备状态,select,现行实验配置默认值；发生偏离时修改,正常,是,默认只读；选择偏离后展开
牙科材料色稳定性试验,YY 0710,光照、水浴和观察条件,参数,color_monitor_5_sample_status,过程4·试样/遮盖状态,select,现行实验配置默认值；发生偏离时修改,正常,是,默认只读；选择偏离后展开
牙科材料色稳定性试验,YY 0710,光照、水浴和观察条件,参数,color_monitor_5_note,过程4·备注,text,实验员填写本次实际值,,否,简洁填空/选项；过程明细可折叠
牙科材料色稳定性试验,YY 0710,光照、水浴和观察条件,参数,color_monitor_6_datetime,结束·日期/时间,datetime,实验员填写本次实际值,,是,简洁填空/选项；过程明细可折叠
牙科材料色稳定性试验,YY 0710,光照、水浴和观察条件,参数,color_monitor_6_runtime,结束·累计时间/h,number,实验员填写本次实际值,24.0,是,简洁填空/选项；过程明细可折叠
牙科材料色稳定性试验,YY 0710,光照、水浴和观察条件,参数,color_monitor_6_water_temperature,结束·水浴温度/℃,number,实验员填写本次实际值,37.0,是,简洁填空/选项；过程明细可折叠
牙科材料色稳定性试验,YY 0710,光照、水浴和观察条件,参数,color_monitor_6_illuminance,结束·试样表面照度/lx,number,实验员填写本次实际值,150000.0,是,简洁填空/选项；过程明细可折叠
牙科材料色稳定性试验,YY 0710,光照、水浴和观察条件,参数,color_monitor_6_distance,结束·水面距离/mm,number,实验员填写本次实际值,10.0,是,简洁填空/选项；过程明细可折叠
牙科材料色稳定性试验,YY 0710,光照、水浴和观察条件,参数,color_monitor_6_device_status,结束·设备状态,select,现行实验配置默认值；发生偏离时修改,正常,是,默认只读；选择偏离后展开
牙科材料色稳定性试验,YY 0710,光照、水浴和观察条件,参数,color_monitor_6_sample_status,结束·试样/遮盖状态,select,现行实验配置默认值；发生偏离时修改,正常,是,默认只读；选择偏离后展开
牙科材料色稳定性试验,YY 0710,光照、水浴和观察条件,参数,color_monitor_6_note,结束·备注,text,实验员填写本次实际值,,否,简洁填空/选项；过程明细可折叠
牙科材料色稳定性试验,YY 0710,原始测量数据,样品数据,sample_no,试样编号,text,实验员按样品填写或选择,,是,样品卡片
牙科材料色稳定性试验,YY 0710,原始测量数据,样品数据,control_no,对照试样编号,text,实验员按样品填写或选择,,否,样品卡片
牙科材料色稳定性试验,YY 0710,原始测量数据,样品数据,shape,试样形状,select:圆片|牙形|其他,实验员按样品填写或选择,,否,样品卡片
牙科材料色稳定性试验,YY 0710,原始测量数据,样品数据,size,试样尺寸,text,实验员按样品填写或选择,,否,样品卡片
牙科材料色稳定性试验,YY 0710,原始测量数据,样品数据,cover_method,遮盖方式,select:试样夹|锡箔|铝箔,实验员按样品填写或选择,,否,样品卡片
牙科材料色稳定性试验,YY 0710,原始测量数据,样品数据,cover_direction,遮盖区域/方向,text,实验员按样品填写或选择,,否,样品卡片
牙科材料色稳定性试验,YY 0710,原始测量数据,样品数据,cover_secure,遮盖是否牢固,select:是|否,实验员按样品填写或选择,,是,样品卡片
牙科材料色稳定性试验,YY 0710,原始测量数据,样品数据,position,摆放位置,text,实验员按样品填写或选择,,否,样品卡片
牙科材料色稳定性试验,YY 0710,原始测量数据,样品数据,photo_no,照射前/后照片编号,text,系统自动计算/附件索引自动关联,,系统自动,只读结果/后台关联
牙科材料色稳定性试验,YY 0710,原始测量数据,样品数据,observer1,观察者1结果,select:未见明显差异|轻微差异|明显差异|无法判定,实验员按样品填写或选择,,是,样品卡片
牙科材料色稳定性试验,YY 0710,原始测量数据,样品数据,observer2,观察者2结果,select:未见明显差异|轻微差异|明显差异|无法判定,实验员按样品填写或选择,,是,样品卡片
牙科材料色稳定性试验,YY 0710,原始测量数据,样品数据,observer3,观察者3结果,select:未见明显差异|轻微差异|明显差异|无法判定,实验员按样品填写或选择,,是,样品卡片
牙科材料色稳定性试验,YY 0710,原始测量数据,样品数据,overall,总体观察结果,calc,系统自动计算/附件索引自动关联,,系统自动,只读结果/后台关联
牙科材料色稳定性试验,YY 0710,原始测量数据,样品数据,conclusion,单样结论,calc,系统自动计算/附件索引自动关联,,系统自动,只读结果/后台关联
牙科材料色稳定性试验,YY 0710,原始测量数据,样品数据,note,备注,text,实验员按样品填写或选择,,否,样品卡片
